folder,design,seed,Ec,Pr,Pc0,rp,transition_order,alpha,beta,gamma,alpha_change_percent,beta_change_percent,gamma_change_percent
MFM_t_8_mxi_131,maximin,20260712,2.422265199051e+08,6.787410344974e-02,4.497297750990e-02,1.509219696090e+00,second_order,-6.887707769855e+09,1.534191925105e+11,2.912304804119e+14,-54.675994162123864,-88.48284936140274,172.82479290645045
MFM_t_8_mxi_132,maximin,20260712,1.536118007869e+08,1.264909298691e-01,7.800463367830e-02,1.621582256135e+00,second_order,-2.816523724354e+09,1.166667366591e+11,3.710415824098e+12,-81.46609264059634,-91.24184948030899,-96.52408145131436
MFM_t_8_mxi_133,maximin,20260712,5.504746199642e+08,2.186487489673e-02,1.393513183019e-02,1.569046863939e+00,second_order,-5.428104057914e+10,5.049469596312e+13,1.318767575611e+17,257.19201253898814,3690.627563221075,123442.18219155584
MFM_t_8_mxi_134,maximin,20260712,2.534706502202e+08,7.028907904792e-02,4.117260931864e-02,1.707180579787e+00,second_order,-9.162604757979e+09,1.731067076634e+12,2.499779957451e+13,-39.706217885963746,29.95088789654179,-76.5820545899358
MFM_t_8_mxi_135,maximin,20260712,3.699942172456e+08,2.587891593655e-02,1.636636980814e-02,1.581225173324e+00,second_order,-3.140087070380e+10,2.346126146720e+13,3.497802610228e+16,106.63089879078692,1661.232594616652,32667.42432362869
MFM_t_8_mxi_136,maximin,20260712,4.825142122482e+08,1.030519841166e-01,6.183119346287e-02,1.666666585992e+00,second_order,-1.143125116714e+10,8.770812648553e+11,1.877047074036e+13,-24.777573040879897,-34.15767033881005,-82.4158179279436
MFM_t_8_mxi_137,maximin,20260712,4.809632205774e+08,4.444425559039e-02,2.806117161907e-02,1.583834637902e+00,second_order,-2.385890795962e+10,6.182503368390e+12,2.984962156794e+15,57.0016208265949,364.1193937486621,2696.3133567239024
MFM_t_8_mxi_138,maximin,20260712,5.433247915747e+08,7.430957942533e-02,4.584874773801e-02,1.620754831734e+00,second_order,-1.694015582346e+10,2.023862817268e+12,1.890544773616e+14,11.473330038390417,51.93101043558226,77.10628558269612
MFM_t_8_mxi_139,maximin,20260712,1.092467105947e+08,7.379000984788e-02,4.398090006835e-02,1.677773982188e+00,second_order,-3.656155112685e+09,5.699239810337e+11,1.865033721794e+13,-75.94096596304867,-57.21591129046693,-82.52835904427525
MFM_t_8_mxi_140,maximin,20260712,1.255390325370e+08,1.010915485086e-01,5.956833394853e-02,1.697068590100e+00,second_order,-3.125456463395e+09,2.768059866405e+11,2.840314596836e+12,-79.4331856509753,-79.22022536009639,-97.33919251661104
MFM_t_8_mxi_141,maximin,20260712,4.414942900830e+08,2.519980091334e-02,1.481598908790e-02,1.700851746302e+00,second_order,-4.425239148233e+10,6.381623115865e+13,9.242533633150e+15,191.19929545549365,4690.672766651497,8558.408010139095
MFM_t_8_mxi_142,maximin,20260712,4.841894077889e+08,1.346230315930e-01,8.745324099837e-02,1.539371555086e+00,second_order,-7.374679179317e+09,1.187199750248e+11,1.590188964596e+13,-51.47151805151804,-91.08771325284127,-85.10310547390426
MFM_t_8_mxi_143,maximin,20260712,4.063714647837e+08,1.473596692385e-01,9.315115007872e-02,1.581941490942e+00,second_order,-6.063111106060e+09,1.405974939962e+11,6.383513885087e+12,-60.10218604664461,-89.44537191686311,-94.01992246398413
MFM_t_8_mxi_144,maximin,20260712,5.122595542701e+08,1.025429236545e-01,6.836780667536e-02,1.499871483978e+00,second_order,-9.438768934348e+09,3.118949737557e+10,8.240132521454e+13,-37.88894178189578,-97.65861015340705,-22.80641622718229
MFM_t_8_mxi_145,maximin,20260712,2.485534780017e+08,1.013268334474e-01,6.148784139019e-02,1.647916582473e+00,second_order,-5.868207135023e+09,4.312939031986e+11,1.366098564032e+13,-61.38473591900835,-67.6228458032922,-87.2023849531582
MFM_t_8_mxi_146,maximin,20260712,3.691771046257e+08,7.294603239753e-02,4.410170773676e-02,1.654040991631e+00,second_order,-1.218963748697e+10,1.774677616383e+12,9.699526222965e+13,-19.78707298834007,33.224723115596234,-9.13481207982163
MFM_t_8_mxi_147,maximin,20260712,4.719842922281e+08,1.306648442784e-01,7.955416703562e-02,1.642463860125e+00,second_order,-8.588146663569e+09,3.703864195976e+11,7.768254159641e+12,-43.48639307553951,-72.1951594243706,-92.72269739983531
MFM_t_8_mxi_148,maximin,20260712,1.640316511837e+08,1.291270820645e-01,7.766139862565e-02,1.662693234343e+00,second_order,-3.088348760755e+09,1.486166588024e+11,2.195357253555e+12,-79.67736989735789,-88.84337468589462,-97.943388730432
MFM_t_8_mxi_149,maximin,20260712,9.814235558582e+07,1.371342624173e-01,8.966554327147e-02,1.529397552437e+00,second_order,-1.440078834385e+09,1.788731008019e+10,3.120790429959e+12,-90.52367729909632,-98.6572029135224,-97.07644268019685
MFM_t_8_mxi_150,maximin,20260712,3.133248174052e+08,4.352374548226e-02,2.697227010617e-02,1.613647843172e+00,second_order,-1.653036357549e+10,5.524845343423e+12,1.690028890713e+15,8.776725179427359,314.7491264549602,1483.2195224296725
MFM_t_8_mxi_151,maximin,20260712,3.007566414086e+08,1.269354189258e-01,7.938019115276e-02,1.599081799659e+00,second_order,-5.337117039810e+09,1.907891539673e+11,8.716752826640e+12,-64.87953148528118,-85.67749320997416,-91.83414359176533
MFM_t_8_mxi_152,maximin,20260712,2.125672230473e+08,8.164876059117e-02,5.134035876481e-02,1.590342618469e+00,second_order,-5.793727043679e+09,4.691386515488e+11,5.999224550903e+13,-61.87484615708427,-64.78184748687082,-43.799248163018675
MFM_t_8_mxi_153,maximin,20260712,3.189494019095e+08,1.075917345962e-01,6.612692261246e-02,1.627048868230e+00,second_order,-6.921467741841e+09,4.081412017702e+11,1.639386548267e+13,-54.45383938748651,-69.36091485239828,-84.64222237686185
MFM_t_8_mxi_154,maximin,20260712,2.448633346307e+08,1.474699745674e-01,8.969891618527e-02,1.644055255503e+00,second_order,-3.954925451712e+09,1.348837778623e+11,2.159967804094e+12,-73.97493182764153,-89.87429953891278,-97.97654157626947
MFM_t_8_mxi_155,maximin,20260712,6.719780290705e+07,7.356508656788e-02,4.740361662383e-02,1.551887636584e+00,second_order,-1.914928498233e+09,1.272480599633e+11,4.187012828623e+13,-87.39896735850408,-90.44751148089715,-60.77605248426995
MFM_t_8_mxi_156,maximin,20260712,1.137505668300e+08,1.247931512961e-01,7.933421833648e-02,1.573005367833e+00,second_order,-1.977355859767e+09,5.881471752779e+10,4.376451700302e+12,-86.98816913750613,-95.58478994414116,-95.90013886214368
MFM_t_8_mxi_157,maximin,20260712,6.426601546803e+07,7.288444185333e-02,4.537922480305e-02,1.606119147466e+00,second_order,-2.005000595790e+09,2.279946883713e+11,2.813227447228e+13,-86.80625518024203,-82.8844805672368,-73.64567765698196
MFM_t_8_mxi_158,maximin,20260712,8.198639996248e+07,9.540548156566e-02,5.925497794576e-02,1.610083825413e+00,second_order,-1.964215206406e+09,1.336823933466e+11,9.021233068293e+12,-87.07464014782602,-89.9644872541248,-91.54890641894058
MFM_t_8_mxi_159,maximin,20260712,2.504498430838e+08,9.684223975668e-02,5.667477790436e-02,1.708736113975e+00,second_order,-6.580512407048e+09,6.579478066305e+11,4.661509813657e+12,-56.69746848746766,-50.60797884997662,-95.63309634436742
MFM_t_8_mxi_160,maximin,20260712,2.392312126371e+08,6.832782366109e-02,4.172694037897e-02,1.637499012401e+00,second_order,-8.276833644810e+09,1.275331982139e+12,1.065621946544e+14,-45.534963303996925,-4.261062047302699,-0.17250719387408298
MFM_t_8_mxi_161,maximin,20260712,1.054238044823e+08,3.280597325599e-02,2.076268519311e-02,1.580044823242e+00,second_order,-7.045637525084e+09,3.241492520445e+12,3.070980328897e+15,-53.63675013680363,143.3382488914892,2776.8952036411642
MFM_t_8_mxi_162,maximin,20260712,1.404522654805e+08,4.077297581494e-02,2.664974385322e-02,1.529957512519e+00,second_order,-6.939107512196e+09,9.890805042544e+11,1.915852038026e+15,-54.3377623004115,-25.749907982223096,1694.7707079787062
MFM_t_8_mxi_163,maximin,20260712,4.751675354381e+08,7.175343951720e-02,4.245131079897e-02,1.690252625107e+00,second_order,-1.655768745985e+10,2.847925162983e+12,7.148828689187e+13,8.956527798183389,113.79321956268286,-33.02975348278688
MFM_t_8_mxi_164,maximin,20260712,6.985351005417e+07,2.270876250401e-02,1.356377103844e-02,1.674221898884e+00,second_order,-7.568982200363e+09,1.230024229206e+13,4.609775849091e+15,-50.19292268213418,823.3769325125623,4218.439263619123
MFM_t_8_mxi_165,maximin,20260712,2.779582481290e+08,7.681025487556e-02,4.598186754898e-02,1.670446612325e+00,second_order,-8.869790145715e+09,1.242565750830e+12,4.421080588784e+13,-41.63306084143199,-6.72081702104268,-58.58330507329559
MFM_t_8_mxi_166,maximin,20260712,4.691680115141e+08,4.874541264810e-02,2.871276037083e-02,1.697691619285e+00,second_order,-2.423829951916e+10,9.250677680436e+12,3.998678143866e+14,59.49817640560635,594.4466765290733,274.59627678971964
MFM_t_8_mxi_167,maximin,20260712,4.421913305293e+08,4.350985605322e-02,2.632768667483e-02,1.652627387685e+00,second_order,-2.444024647315e+10,9.942045110067e+12,1.567832281293e+15,60.82707205963565,646.3475026472596,1368.7457056377964
MFM_t_8_mxi_168,maximin,20260712,1.388871108749e+08,3.686398186590e-02,2.136262672520e-02,1.725629640030e+00,second_order,-9.733658409287e+09,7.042222903938e+12,8.859186179497e+13,-35.948445359826344,428.65838157558295,-17.007119882421627
MFM_t_8_mxi_169,maximin,20260712,4.992826325253e+08,3.019580759088e-02,1.973682550119e-02,1.529922205020e+00,second_order,-3.330561082633e+10,8.647846016669e+12,3.057732746697e+16,119.16488764714109,549.1922141133259,28544.84865049152
MFM_t_8_mxi_170,maximin,20260712,5.559263959772e+08,6.932147218579e-02,4.162671432069e-02,1.665312127490e+00,second_order,-1.955106813219e+10,3.297895615923e+12,1.603611506811e+14,28.654228049333817,147.57241892245747,50.22636937910128
MFM_t_8_mxi_171,maximin,20260712,1.456715218097e+08,1.496265877986e-01,9.296618376722e-02,1.609473270122e+00,second_order,-2.223524971557e+09,6.129146276108e+10,1.698478674641e+12,-85.36827313833112,-95.3988611338114,-98.40886471769863
MFM_t_8_mxi_172,maximin,20260712,2.349639051802e+08,1.294868195254e-01,7.616643145273e-02,1.700051020583e+00,second_order,-4.579897671271e+09,2.495306273161e+11,1.408824961175e+12,-69.86235250890557,-81.2677815811962,-98.68021239490321
MFM_t_8_mxi_173,maximin,20260712,5.473723532228e+08,1.338106163333e-01,8.333926081169e-02,1.605613189150e+00,second_order,-9.295442085255e+09,3.125624729498e+11,1.153753484495e+13,-38.832092560366206,-76.53599249201528,-89.19163423322836
MFM_t_8_mxi_174,maximin,20260712,3.602590978585e+08,3.915699223848e-02,2.553417978336e-02,1.533512827539e+00,second_order,-1.865995267834e+10,3.140616685674e+12,5.888995268975e+15,22.790314628197315,135.76551847986002,5416.81236254116
MFM_t_8_mxi_175,maximin,20260712,3.942577986479e+08,2.070845435576e-02,1.381072186714e-02,1.499447643286e+00,second_order,-3.593613199848e+10,2.643438280514e+12,1.892430538528e+17,136.47482020336702,98.44242680674122,177182.9440907132
MFM_t_8_mxi_176,maximin,20260712,2.546559887199e+08,2.265748009104e-02,1.475214069852e-02,1.535877440032e+00,second_order,-2.289710154324e+10,1.212372863503e+13,6.326649291034e+16,50.67253122414341,810.126084658927,59168.06768909769
MFM_t_8_mxi_177,maximin,20260712,3.806365165666e+08,6.501940387046e-02,4.257623466342e-02,1.527129028305e+00,second_order,-1.172780760171e+10,6.097539917688e+11,5.119787602968e+14,-22.82610732531377,-54.22587969098696,379.6218412747164
MFM_t_8_mxi_178,maximin,20260712,2.550602745614e+08,3.870588116605e-02,2.234825363847e-02,1.731942092308e+00,second_order,-1.711893944377e+10,1.142352768090e+13,2.154596489158e+12,12.64980124207764,757.5621274770195,-97.98157342555591
MFM_t_8_mxi_179,maximin,20260712,4.566863701595e+08,1.468009908923e-01,8.532129872762e-02,1.720566764471e+00,second_order,-8.001209850561e+09,3.600478551815e+11,5.210469130788e+11,-47.348683467078445,-72.97127355858439,-99.51188311074371
MFM_t_8_mxi_180,maximin,20260712,5.298091941849e+08,9.310771306420e-02,5.801242022558e-02,1.604961708237e+00,second_order,-1.291924102936e+10,8.934247175476e+11,6.884814623145e+13,-14.985975682884023,-32.93077034323666,-35.50303796834018
MFM_t_8_mxi_181,maximin,20260712,5.614382753425e+08,1.368606102691e-01,8.101032147756e-02,1.689421888135e+00,second_order,-1.024866562071e+10,4.832173715074e+11,3.413497904764e+12,-32.5594819140709,-63.724960562174445,-96.80223423854302
MFM_t_8_mxi_182,maximin,20260712,2.877594144947e+08,1.141721594432e-01,6.758431391875e-02,1.689329266262e+00,second_order,-6.296131922225e+09,4.264355144851e+11,4.339871215119e+12,-58.568811347091774,-67.98756415279342,-95.93440747056802
MFM_t_8_mxi_183,maximin,20260712,5.290487504204e+08,3.816546571825e-02,2.308490297280e-02,1.653265156159e+00,second_order,-3.335899416405e+10,1.768429395141e+13,3.582048590305e+15,119.51617239836936,1227.5567029313092,3255.6640893103163
MFM_t_8_mxi_184,maximin,20260712,9.082557503083e+07,1.261387032002e-01,7.667579924518e-02,1.645091468781e+00,second_order,-1.717070983986e+09,8.041790483925e+10,1.728336103800e+12,-88.70095278390889,-93.9630426355514,-98.38089426997797
MFM_t_8_mxi_185,maximin,20260712,2.296823449889e+08,4.370136544588e-02,2.775699080419e-02,1.574427348922e+00,second_order,-1.142612744680e+10,2.810515526971e+12,1.661080662882e+15,-24.81128926961105,110.9848850496733,1456.1008147592697
MFM_t_8_mxi_186,maximin,20260712,1.495443341487e+08,7.287878727698e-02,4.531182567167e-02,1.608383378879e+00,second_order,-4.679806258779e+09,5.400295212909e+11,6.421594601847e+13,-69.20491210133122,-59.460082899529084,-39.842484382122365
MFM_t_8_mxi_187,maximin,20260712,3.977714724518e+08,1.462018680977e-01,9.768622177918e-02,1.496647791622e+00,second_order,-5.101431165674e+09,2.414115877540e+09,1.105261456360e+13,-66.43044338401145,-99.81877276391769,-89.64590768409909
MFM_t_8_mxi_188,maximin,20260712,2.834454414553e+08,1.200921215114e-01,7.837565015451e-02,1.532263161769e+00,second_order,-4.775593170230e+09,8.301494681365e+10,1.720377517996e+13,-68.57459405084741,-93.7680831709337,-83.88349875314104
MFM_t_8_mxi_189,maximin,20260712,5.470478585033e+08,1.233016735080e-01,7.860257122313e-02,1.568672265923e+00,second_order,-9.560032801825e+09,2.785354950877e+11,2.303955980002e+13,-37.09097467569744,-79.09039147822556,-78.41653414091132
MFM_t_8_mxi_190,maximin,20260712,1.648809083101e+08,1.322934812241e-01,8.556033407722e-02,1.546201083141e+00,second_order,-2.587091691854e+09,4.869891388521e+10,5.663589240896e+12,-82.97585163849365,-96.34418146794997,-94.69434806559653
MFM_t_8_mxi_191,maximin,20260712,3.595133067109e+08,4.484213131131e-02,2.592741790725e-02,1.729525534387e+00,second_order,-2.078393124482e+10,1.026805196087e+13,3.382327040288e+13,36.766984394587524,670.8207771344519,-68.31435112824285
MFM_t_8_mxi_192,maximin,20260712,1.322002093934e+08,3.718902927452e-02,2.286841097071e-02,1.626218337695e+00,second_order,-8.291535589695e+09,4.074462220100e+12,1.388811856465e+15,-45.43821834064173,205.8691314449036,1201.039323185501
MFM_t_8_mxi_193,maximin,20260712,2.033180730307e+08,1.131222540211e-01,7.495601464033e-02,1.509181812346e+00,second_order,-3.468556869007e+09,2.774233145958e+10,1.901355747137e+13,-77.17544108536008,-97.91738826637345,-82.18809421251275
MFM_t_8_mxi_194,maximin,20260712,1.405414389469e+08,1.498626532652e-01,8.855025681476e-02,1.692402243155e+00,second_order,-2.349703152856e+09,9.329786861055e+10,5.042514299829e+11,-84.5379677861154,-92.9961461179362,-99.52761712385568
MFM_t_8_mxi_195,maximin,20260712,5.519979697049e+08,1.198642591159e-01,7.288799175369e-02,1.644499405621e+00,second_order,-1.097450372353e+10,5.676850381342e+11,1.365311944618e+13,-27.783162780214955,-57.38398832322144,-87.20975400595849
MFM_t_8_mxi_196,maximin,20260712,6.452704819451e+07,9.542269385916e-02,6.091226764150e-02,1.566559538068e+00,second_order,-1.452268589175e+09,6.904475576294e+10,9.933453689121e+12,-90.44346360018153,-94.81682285042328,-90.6943378943466
MFM_t_8_mxi_197,maximin,20260712,3.532738845751e+08,1.143694096044e-01,7.329022431749e-02,1.560500198621e+00,second_order,-6.569371545978e+09,2.025951835247e+11,2.290735201562e+13,-56.770780025797684,-84.7912167367943,-78.5403864291352
MFM_t_8_mxi_198,maximin,20260712,9.190580504993e+07,1.357899847694e-01,7.948706473266e-02,1.708328081131e+00,second_order,-1.721533163429e+09,8.744213884526e+10,3.211663672305e+11,-88.67158977173098,-93.43573467724339,-99.69913126021613
MFM_t_8_mxi_199,maximin,20260712,4.747521579363e+08,3.834941755262e-02,2.368572458501e-02,1.619094126294e+00,second_order,-2.862280270645e+10,1.271997973964e+13,4.584512184226e+15,88.35004624344387,854.8865457058942,4194.77225553294
MFM_t_8_mxi_200,maximin,20260712,2.083810203459e+08,5.280987196281e-02,3.097034771425e-02,1.705175300260e+00,second_order,-1.000720564977e+10,3.329363677932e+12,9.282768490809e+13,-34.14838979143404,149.93472056498223,-13.038999643115456
MFM_t_8_mxi_201,maximin,20260712,2.942325505406e+08,8.495343450028e-02,5.550145726695e-02,1.530652323085e+00,second_order,-6.986182746428e+09,2.334087293907e+11,1.017858578763e+14,-54.027987515759804,-82.47804950106034,-4.646980780888599
MFM_t_8_mxi_202,maximin,20260712,2.569041184849e+08,9.854972976628e-02,6.522292953516e-02,1.510967545749e+00,second_order,-5.050510445807e+09,5.967655771925e+10,4.739974450625e+13,-66.76552307694234,-95.52009175906393,-55.59590651209903
MFM_t_8_mxi_203,maximin,20260712,1.383457928989e+08,7.936284845010e-02,4.633909996669e-02,1.712654076302e+00,second_order,-4.451574868771e+09,6.703159560819e+11,5.788048768500e+12,-70.70677036808037,-49.67950413946928,-94.57775434643713
MFM_t_8_mxi_204,maximin,20260712,4.934968522927e+08,1.019401452842e-01,5.988696029117e-02,1.702209375607e+00,second_order,-1.224343428364e+10,1.083436085516e+12,9.117476550087e+12,-19.43306750381565,-18.666651805471435,-91.45874549913607
MFM_t_8_mxi_205,maximin,20260712,2.875465311251e+08,5.075802208606e-02,3.308819874799e-02,1.534021917381e+00,second_order,-1.150076765358e+10,1.165271950644e+12,1.280347965257e+15,-24.320125404813652,-12.523248422256527,1099.4303205330393
MFM_t_8_mxi_206,maximin,20260712,1.285668958386e+08,5.596420084346e-02,3.285799628372e-02,1.703214047510e+00,second_order,-5.815573245017e+09,1.712722007634e+12,4.601130226557e+13,-61.73108898995932,28.573726931925194,-56.89659957911706
MFM_t_8_mxi_207,maximin,20260712,3.829244250757e+08,1.334785581809e-01,8.663048887943e-02,1.540780386991e+00,second_order,-5.897468487652e+09,9.919292861707e+10,1.301141547263e+13,-61.19218394646598,-92.55360504463461,-87.81090246213455
MFM_t_8_mxi_208,maximin,20260712,3.891594628586e+08,8.744499891462e-02,5.769159825520e-02,1.515731953339e+00,second_order,-8.710637056619e+09,1.674988978326e+11,1.270689031670e+14,-42.68035491666466,-87.4258884656492,19.038182893338472
MFM_t_8_mxi_209,maximin,20260712,2.423084540680e+08,2.784862164615e-02,1.746249709733e-02,1.594767431652e+00,second_order,-1.948348303405e+10,1.402619623283e+13,1.430746280233e+16,28.20948975830797,952.9439782377456,13303.235027259623
MFM_t_8_mxi_210,maximin,20260712,3.293392239464e+08,6.677848052303e-02,4.166095336447e-02,1.602903321458e+00,second_order,-1.116656650048e+10,1.480766183858e+12,2.294731278614e+14,-26.519309156543624,11.16084579096055,114.97048831508137
MFM_t_8_mxi_211,maximin,20260712,5.357039848557e+08,8.863465282691e-02,5.794049862148e-02,1.529753021388e+00,second_order,-1.217016865943e+10,3.651768118207e+11,1.507056646914e+14,-19.915186038800993,-72.58624372453374,41.18110748953087
MFM_t_8_mxi_212,maximin,20260712,7.284902441603e+07,6.575635710619e-02,4.343459954449e-02,1.513916504257e+00,second_order,-2.160072426571e+09,6.737923308957e+10,9.995301896576e+13,-85.78581749640631,-94.94185333199023,-6.363984768560926
MFM_t_8_mxi_213,maximin,20260712,6.957886367990e+07,9.322277935084e-02,5.555223920979e-02,1.678110201801e+00,second_order,-1.843813042440e+09,1.802919821782e+11,3.667522186650e+12,-87.86693688352256,-86.46551397058417,-96.56426422248997
MFM_t_8_mxi_214,maximin,20260712,3.328685838164e+08,4.833977409648e-02,2.886457755416e-02,1.674709217752e+00,second_order,-1.695225657100e+10,6.090418034874e+12,4.982434755777e+14,11.552958032270478,357.2065646537192,366.75462283075547
MFM_t_8_mxi_215,maximin,20260712,3.441013866270e+08,2.114713121618e-02,1.366837396936e-02,1.547157786550e+00,second_order,-3.383341523402e+10,2.531423154313e+13,1.125705687799e+17,122.63806201149161,1800.3347183084986,105356.13931378396
MFM_t_8_mxi_216,maximin,20260712,3.314320883873e+08,3.333883545516e-02,2.020475333391e-02,1.650049119838e+00,second_order,-2.383898978468e+10,1.633582332547e+13,4.599449161290e+15,56.870550881785185,1126.3272604049994,4208.765219690986
MFM_t_8_mxi_217,maximin,20260712,4.552135086689e+08,5.655528867106e-02,3.749723799336e-02,1.508252119291e+00,second_order,-1.550138528371e+10,4.644011738417e+11,1.370033312674e+15,2.0056164648852626,-65.13748906930147,1183.4475782774189
MFM_t_8_mxi_218,maximin,20260712,3.770074210219e+08,9.655061593603e-02,6.132062229962e-02,1.574521136858e+00,second_order,-8.490306502627e+09,4.282403192761e+11,5.176336863217e+13,-44.1302223688092,-67.85207778820586,-51.50806224939709
MFM_t_8_mxi_219,maximin,20260712,3.425750127625e+08,1.308048555789e-01,7.717158685988e-02,1.694987247267e+00,second_order,-6.578335905436e+09,3.457061288986e+11,2.265883076935e+12,-56.71179078090181,-74.04790431980017,-97.87732011999331
MFM_t_8_mxi_220,maximin,20260712,4.288596306965e+08,7.035620501522e-02,4.529459506278e-02,1.553302439677e+00,second_order,-1.280940184828e+10,9.496144939304e+11,3.309388333568e+14,-15.708763561064032,-28.71261413761388,210.02358869707786
MFM_t_8_mxi_221,maximin,20260712,5.536344367084e+08,1.267206101012e-01,8.298198404198e-02,1.527085807409e+00,second_order,-8.751615909906e+09,1.196448155757e+11,2.648827516961e+13,-42.41069687545996,-91.01828564233763,-75.18577664886949
MFM_t_8_mxi_222,maximin,20260712,4.962813529051e+08,1.260700451618e-01,7.484099919821e-02,1.684505104320e+00,second_order,-9.787208448956e+09,5.349877149384e+11,5.084146238240e+12,-35.59606363985866,-59.838570377543974,-95.23717042738065
MFM_t_8_mxi_223,maximin,20260712,1.697167976059e+08,5.168949156946e-02,3.212350141140e-02,1.609086472470e+00,second_order,-7.495144660275e+09,1.727015102997e+12,4.035701919142e+14,-50.67880466345891,29.646706978904923,278.0646650600694
MFM_t_8_mxi_224,maximin,20260712,4.914918370816e+08,1.492453381917e-01,9.417830797388e-02,1.584710337259e+00,second_order,-7.269807375136e+09,1.683029225257e+11,7.096804496455e+12,-52.161618506379284,-87.3655304794282,-93.35171162611664
MFM_t_8_mxi_225,maximin,20260712,6.447521696618e+07,1.238585352730e-01,8.208534145581e-02,1.508899555955e+00,second_order,-1.003962359221e+09,6.568795630277e+09,3.837742085837e+12,-93.3935066134058,-99.5068817170128,-96.40480217484108
MFM_t_8_mxi_226,maximin,20260712,4.214748792265e+08,6.830057439903e-02,4.193791599106e-02,1.628611550788e+00,second_order,-1.443518244386e+10,2.129553602531e+12,2.068236544034e+14,-5.0104453879739275,59.86519829739294,93.75245544682085
MFM_t_8_mxi_227,maximin,20260712,1.784692436318e+08,1.257389635010e-01,7.914742070106e-02,1.588667860396e+00,second_order,-3.151174026232e+09,1.061739125569e+11,5.890956664409e+12,-79.26395330153365,-92.02954386086095,-94.48135020168517
MFM_t_8_mxi_228,maximin,20260712,4.775680868177e+08,1.136492347385e-01,7.277181017378e-02,1.561720595751e+00,second_order,-8.954769959631e+09,2.838479713373e+11,3.170080843807e+13,-41.07385802523709,-78.69158486068697,-70.30267407157666
MFM_t_8_mxi_229,maximin,20260712,1.669763251461e+08,3.966676132650e-02,2.647609924138e-02,1.498210176842e+00,second_order,-7.922415222744e+09,1.114529386561e+11,3.129171397289e+15,-47.867185164668044,-91.63324833997682,2831.4086122672065
MFM_t_8_mxi_230,maximin,20260712,6.583508100727e+07,3.910716230190e-02,2.385736540086e-02,1.639207081118e+00,second_order,-3.987546097204e+09,1.890934992027e+12,4.684135135191e+14,-73.76027429916948,41.95214297897674,338.8099062971894
MFM_t_8_mxi_231,maximin,20260712,1.751728023503e+08,1.118888813461e-01,6.528729805959e-02,1.713792493664e+00,second_order,-4.002166392567e+09,3.041844792223e+11,1.238089872445e+12,-73.66406662391294,-77.1649269442823,-98.84015707225548
MFM_t_8_mxi_232,maximin,20260712,4.405736652844e+08,1.146796898158e-01,6.736254165077e-02,1.702425220389e+00,second_order,-9.718164181642e+09,6.799655893784e+11,4.484521450981e+12,-36.05040387602659,-48.955107938026565,-95.7988990904455
MFM_t_8_mxi_233,maximin,20260712,2.532020862155e+08,1.297169007932e-01,8.310022739724e-02,1.560969263936e+00,second_order,-4.154563607824e+09,1.001726121394e+11,8.720409825577e+12,-72.66122903196184,-92.48006038232612,-91.83071771417094
MFM_t_8_mxi_234,maximin,20260712,4.895034813049e+08,2.023746053743e-02,1.170723794974e-02,1.728628103769e+00,second_order,-6.265541025289e+10,1.516183619040e+14,3.334906427664e+15,312.2988772121344,11281.962615311068,3024.1412444294556
MFM_t_8_mxi_235,maximin,20260712,3.389400966229e+08,1.492029180657e-01,9.720422704746e-02,1.534942693314e+00,second_order,-4.619795716182e+09,5.528565458695e+10,6.838630823513e+12,-69.59980664010719,-95.84971605173988,-93.59356879283447
MFM_t_8_mxi_236,maximin,20260712,8.594511930314e+07,3.639012961051e-02,2.145612713632e-02,1.696025073831e+00,second_order,-5.938188509847e+09,4.045316762901e+12,3.314363908643e+14,-60.924229122400696,203.68118731940768,210.4897007048277
MFM_t_8_mxi_237,maximin,20260712,2.189763208469e+08,1.486691957361e-01,8.635998573106e-02,1.721505561605e+00,second_order,-3.791458589389e+09,1.667810575850e+11,2.152929426586e+11,-75.05061233990908,-87.47977660135615,-99.79831351302248
MFM_t_8_mxi_238,maximin,20260712,2.723090115604e+08,7.748389862206e-02,4.924975009760e-02,1.573285112483e+00,second_order,-7.627090229398e+09,5.901032770599e+11,1.133096745519e+14,-49.81054748051245,-55.70105523946347,6.148533801121503
MFM_t_8_mxi_239,maximin,20260712,3.084065745035e+08,6.430105197147e-02,3.717362223308e-02,1.729749432765e+00,second_order,-1.243624489277e+10,2.989796450674e+12,4.361295191921e+12,-18.164292830758267,124.44347110482413,-95.91433748329892
MFM_t_8_mxi_240,maximin,20260712,3.795595523666e+08,5.984658006252e-02,3.787114771847e-02,1.580268454165e+00,second_order,-1.390974345658e+10,1.926828018227e+12,5.463530346608e+14,-8.46805429396673,44.64662587160586,411.8236708064463
MFM_t_8_mxi_241,maximin,20260712,5.577748376632e+08,9.994775223997e-02,6.363891566067e-02,1.570544551276e+00,second_order,-1.206029296420e+10,5.454148080406e+11,6.625678962286e+13,-20.63821419540207,-59.05581041110434,-37.930621540929856
MFM_t_8_mxi_242,maximin,20260712,3.653128602611e+08,8.981532065592e-02,5.284929720305e-02,1.699461022364e+00,second_order,-1.026011253211e+10,1.159789890456e+12,1.389711730302e+13,-32.484156436211634,-12.934785674942384,-86.98117674760339
MFM_t_8_mxi_243,maximin,20260712,4.818618208294e+08,1.490647199254e-01,9.841297253888e-02,1.514685676896e+00,second_order,-6.313090171122e+09,3.978991160596e+10,1.099552852417e+13,-58.45721895704125,-97.01297863478882,-89.6993859012943
MFM_t_8_mxi_244,maximin,20260712,4.346744177758e+08,3.442311823100e-02,2.204902037679e-02,1.561208509165e+00,second_order,-2.688672242200e+10,9.232450019401e+12,1.135718131799e+16,76.92590985777808,593.078329358852,10539.410533881126
MFM_t_8_mxi_245,maximin,20260712,3.509371104683e+08,1.137522664642e-01,6.852902513728e-02,1.659913682360e+00,second_order,-7.478158138017e+09,4.586271360402e+11,9.219923264326e+12,-50.79058310408271,-65.57094502787248,-91.36277338949745
MFM_t_8_mxi_246,maximin,20260712,2.544051101463e+08,1.365355179752e-01,9.020208690480e-02,1.513662517801e+00,second_order,-3.631003109481e+09,2.593647182213e+10,9.056965691300e+12,-76.10647669290884,-98.05295381809053,-91.51543208803228
MFM_t_8_mxi_247,maximin,20260712,5.621376884300e+08,6.205276007921e-02,4.067385817508e-02,1.525617752122e+00,second_order,-1.809393262646e+10,9.891002379151e+11,9.634888718070e+14,19.065665297393288,-25.748426579934282,802.596635993028
MFM_t_8_mxi_248,maximin,20260712,4.219854497414e+08,1.493589258440e-01,9.052501316433e-02,1.649918852514e+00,second_order,-6.774029730981e+09,2.311501085368e+11,3.250296243895e+12,-55.42404333460957,-82.64760375424196,-96.95512159863527
MFM_t_8_mxi_249,maximin,20260712,2.523042963047e+08,1.358535900648e-01,8.395460690846e-02,1.618179097818e+00,second_order,-4.289036676305e+09,1.510925167878e+11,4.404890375535e+12,-71.77633984320373,-88.65751248110121,-95.87349750348505
MFM_t_8_mxi_250,maximin,20260712,2.061407242437e+08,9.981117659842e-02,6.357118587935e-02,1.570069446051e+00,second_order,-4.460008714256e+09,2.012544616380e+11,2.473687987963e+13,-70.65127212762499,-84.89186448288729,-76.8264842307487
MFM_t_8_mxi_251,maximin,20260712,1.701923822425e+08,4.448291862074e-02,2.693613226511e-02,1.651421896170e+00,second_order,-9.188652266326e+09,3.557807520462e+12,5.487885401193e+14,-39.53481435668677,167.0839579180463,414.1052529794318
MFM_t_8_mxi_252,maximin,20260712,2.075254271794e+08,6.540728663383e-02,4.162190537884e-02,1.571463056256e+00,second_order,-6.866499264676e+09,7.319872084960e+11,2.040718896187e+14,-54.815555021072136,-45.04985453369695,91.17460145141753
MFM_t_8_mxi_253,maximin,20260712,8.676687276405e+07,1.401903137907e-01,8.785985980599e-02,1.595612764467e+00,second_order,-1.387540318598e+09,3.966405666085e+10,1.574122470567e+12,-90.8694027676862,-97.02242654243143,-98.52536164334713
MFM_t_8_mxi_254,maximin,20260712,4.812965143809e+08,1.151746302346e-01,7.548273225763e-02,1.525840769005e+00,second_order,-8.350251344743e+09,1.333685218052e+11,3.739991754211e+13,-45.051844046973514,-89.9880495331612,-64.96374711976215
MFM_t_8_mxi_255,maximin,20260712,5.499144687750e+08,4.090992587620e-02,2.385713564685e-02,1.714787830432e+00,second_order,-3.439335115764e+10,1.960935401100e+13,5.621914187909e+14,126.32267522665472,1372.0706084723492,426.661073348089
MFM_t_8_mxi_256,maximin,20260712,4.622319697907e+08,2.536134746558e-02,1.694707471735e-02,1.496502959276e+00,second_order,-3.416237733530e+10,4.776403250432e+11,8.183433821119e+16,124.80277060498186,-64.14362841719038,76562.43019455616
MFM_t_8_mxi_257,maximin,20260712,3.782449908668e+08,1.306836951113e-01,8.305085641290e-02,1.573538200035e+00,second_order,-6.283888314539e+09,1.713434098923e+11,1.151196189201e+13,-58.64937942064823,-87.13728165056354,-89.21559098246694
MFM_t_8_mxi_258,maximin,20260712,8.407737722724e+07,6.838688528089e-02,3.950830536899e-02,1.730949597615e+00,second_order,-3.191122293171e+09,6.803805685163e+11,4.179531366840e+11,-79.00107695072785,-48.92395553026804,-99.60846138838511
MFM_t_8_mxi_259,maximin,20260712,4.771538705467e+08,4.810642742089e-02,3.132389837529e-02,1.535773959056e+00,second_order,-2.020270468427e+10,2.367699108910e+12,2.749115474681e+15,32.9422698591084,77.74273777593146,2475.3721210601525
MFM_t_8_mxi_260,maximin,20260712,3.168960631442e+08,1.485871053914e-01,8.952161156857e-02,1.659790332054e+00,second_order,-5.168964751272e+09,1.856999021732e+11,2.193193786401e+12,-65.98604406711637,-86.05954240858658,-97.94541546704767
MFM_t_8_mxi_261,maximin,20260712,4.217268032244e+08,9.653716195191e-02,6.008372184344e-02,1.606710752764e+00,second_order,-9.941299910663e+09,6.468421325412e+11,4.505503048152e+13,-34.58207719569772,-51.44167976663919,-57.79243524534516
MFM_t_8_mxi_262,maximin,20260712,1.868435989727e+08,1.053016485150e-01,6.466605712691e-02,1.628391356973e+00,second_order,-4.149567203751e+09,2.572474305572e+11,1.054948312030e+13,-72.69410746625955,-80.68848257745465,-90.1172413564156
MFM_t_8_mxi_263,maximin,20260712,6.901075909422e+07,5.922007022549e-02,3.602673773908e-02,1.643781089878e+00,second_order,-2.774793651739e+09,5.861122527350e+11,5.848267825918e+13,-81.74069402004149,-56.00066070342153,-45.21341117142422
MFM_t_8_mxi_264,maximin,20260712,4.444738085474e+08,1.322940257763e-01,8.806524179461e-02,1.502227474545e+00,second_order,-6.382885499426e+09,1.908697175177e+10,1.974742675008e+13,-57.99793642456331,-98.56714453190241,-81.50060527350718
MFM_t_8_mxi_265,maximin,20260712,1.760573741213e+08,3.258075729960e-02,2.034552154271e-02,1.601372431334e+00,second_order,-1.220994018549e+10,6.731525742519e+12,4.494508232964e+15,-19.653472717104336,405.3344026620433,4110.456529620295
MFM_t_8_mxi_266,maximin,20260712,3.470527274872e+08,3.771384546309e-02,2.519821737281e-02,1.496687043576e+00,second_order,-1.725626621787e+10,1.264077946828e+11,8.441019122663e+15,13.55346901065606,-90.51059004136629,7807.5489996885
MFM_t_8_mxi_267,maximin,20260712,2.570735227395e+08,1.022107804533e-01,6.615701447204e-02,1.544972687613e+00,second_order,-5.209503056100e+09,1.609604164943e+11,3.232471375995e+13,-65.7192850195384,-87.91673106029852,-69.7181993971044
MFM_t_8_mxi_268,maximin,20260712,5.483023613277e+08,1.448730339199e-01,9.495660860505e-02,1.525676159334e+00,second_order,-7.560217933679e+09,7.595112474655e+10,1.354388572948e+13,-50.250595232658,-94.29836299772572,-87.3120841813403
MFM_t_8_mxi_269,maximin,20260712,2.653538683312e+08,4.524475089774e-02,2.730603388263e-02,1.656950661242e+00,second_order,-1.417076317465e+10,5.427823735233e+12,7.301000128522e+14,-6.750435077108685,307.46573212574873,583.9578897293856
MFM_t_8_mxi_270,maximin,20260712,2.415383726752e+08,1.146114748592e-01,7.259911225841e-02,1.578689756581e+00,second_order,-4.611229877106e+09,1.716911989755e+11,1.365368991086e+13,-69.65617345374962,-87.11117318788602,-87.2092195944918
MFM_t_8_mxi_271,maximin,20260712,2.323827788199e+08,1.304523746993e-01,7.901825741640e-02,1.650914345173e+00,second_order,-4.275755052494e+09,1.920797446809e+11,3.477052284967e+12,-71.86373849820778,-85.58060880184973,-96.74269647796021
MFM_t_8_mxi_272,maximin,20260712,5.372262536326e+08,5.533450091478e-02,3.507658277417e-02,1.577533971055e+00,second_order,-2.120647449781e+10,3.351379563241e+12,1.167417772153e+15,39.54749621436775,151.5874490365421,993.637285055063
MFM_t_8_mxi_273,maximin,20260712,2.434672479508e+08,8.405227227936e-02,4.856586239212e-02,1.730686291550e+00,second_order,-7.516728324452e+09,1.060193490793e+12,5.347461235763e+11,-50.536775100961705,-20.411469127713143,-99.49904968664032
MFM_t_8_mxi_274,maximin,20260712,1.480179090062e+08,9.066552320298e-02,5.478021478095e-02,1.655077906604e+00,second_order,-3.936611793609e+09,3.726059945933e+11,1.292988696034e+13,-74.09544337872764,-72.02853633660152,-87.88727839452332
MFM_t_8_mxi_275,maximin,20260712,3.723422896195e+08,5.151983851332e-02,3.125419829164e-02,1.648413375783e+00,second_order,-1.729893782823e+10,4.928717205871e+12,5.985109569525e+14,13.834266103345282,269.99789652248023,460.68522653213034
MFM_t_8_mxi_276,maximin,20260712,3.487595464213e+08,4.253284591717e-02,2.685290531348e-02,1.583919707035e+00,second_order,-1.808047418547e+10,5.119422796925e+12,2.694835884361e+15,18.977103111194115,284.3141302599334,2424.5229861510725
MFM_t_8_mxi_277,maximin,20260712,3.135545650408e+08,6.823099492370e-02,4.469391000619e-02,1.526628458201e+00,second_order,-9.197126762685e+09,4.281530328773e+11,3.323833615500e+14,-39.479048616431456,-67.85863036215198,211.37682309960306
MFM_t_8_mxi_278,maximin,20260712,5.459076256338e+08,3.424159183151e-02,2.145945567034e-02,1.595641210920e+00,second_order,-3.574307799003e+10,1.713019064610e+13,1.139003108359e+16,135.20444386070207,1185.9602694462149,10570.184203189949
MFM_t_8_mxi_279,maximin,20260712,5.006755274059e+08,7.254010418938e-02,4.198549827220e-02,1.727741891238e+00,second_order,-1.786488786630e+10,3.356834357179e+12,7.259164735518e+12,17.558454713915616,151.99693941684217,-93.19961251020008
MFM_t_8_mxi_280,maximin,20260712,6.751330406541e+07,3.335695768621e-02,2.184960222066e-02,1.526662011937e+00,second_order,-4.050908634371e+09,7.897743303772e+11,2.562159962463e+15,-73.3433222302927,-40.71178589452582,2300.2321465923183
MFM_t_8_mxi_281,maximin,20260712,1.876045956735e+08,3.407856927574e-02,2.199647815913e-02,1.549273889629e+00,second_order,-1.148884283239e+10,3.421691062531e+12,5.571952045194e+15,-24.398595729527006,156.8657203903242,5119.80618465721
MFM_t_8_mxi_282,maximin,20260712,3.794082160764e+08,1.474842145808e-01,8.529582970685e-02,1.729090567355e+00,second_order,-6.666461782106e+09,3.041162893935e+11,1.087389618121e+11,-56.1318855523234,-77.1700459422216,-99.89813331113113
MFM_t_8_mxi_283,maximin,20260712,3.413880084244e+08,1.052459820014e-01,6.083114945084e-02,1.730133047813e+00,second_order,-8.413399878920e+09,7.557642898796e+11,3.424213562129e+11,-44.636300207524016,-43.26491339589006,-99.6792195807822
MFM_t_8_mxi_284,maximin,20260712,3.031599284322e+08,3.307921446407e-02,2.174982618324e-02,1.520895577987e+00,second_order,-1.813152948099e+10,2.995025700940e+12,1.240596468109e+16,19.313068368362927,124.8360299630408,11521.911072412657
MFM_t_8_mxi_285,maximin,20260712,4.973940785982e+08,3.396573897413e-02,2.020112491358e-02,1.681378592500e+00,second_order,-3.629523236482e+10,2.704144348491e+13,3.830543631477e+15,138.83785122097362,1929.9962019387356,3488.4543111653384
MFM_t_8_mxi_286,maximin,20260712,3.666098976300e+08,1.339296834516e-01,8.048323896097e-02,1.664069254427e+00,second_order,-6.664656851653e+09,2.997339369474e+11,4.004085212366e+12,-56.14376275169396,-77.49902833645304,-96.24897188886793
MFM_t_8_mxi_287,maximin,20260712,5.556683092883e+08,4.069735965369e-02,2.678350509139e-02,1.519493416371e+00,second_order,-2.693497190811e+10,2.792602408244e+12,8.132571695000e+15,77.24341171226952,109.64015051281399,7518.59536593538
MFM_t_8_mxi_288,maximin,20260712,3.815217568180e+08,2.165231558329e-02,1.263521075784e-02,1.713648944863e+00,second_order,-4.503743396623e+10,9.136980955671e+13,1.001473577630e+16,196.36520424723867,6759.114842574544,9281.80718693147
MFM_t_8_mxi_289,maximin,20260712,1.338073450378e+08,1.263782750037e-01,7.475344648848e-02,1.690601315930e+00,second_order,-2.648198893078e+09,1.469990408070e+11,1.177666497371e+12,-82.57374062601218,-88.96480897207398,-98.89676170638566
MFM_t_8_mxi_290,maximin,20260712,1.210954467269e+08,1.046424380095e-01,6.671315852764e-02,1.568542703103e+00,second_order,-2.493071569348e+09,1.007109026718e+11,1.159502978476e+13,-83.59454347672613,-92.43965101080268,-89.13777295804643
MFM_t_8_mxi_291,maximin,20260712,3.220112879074e+08,1.238826305543e-01,7.562093719148e-02,1.638205438271e+00,second_order,-6.149803987808e+09,2.892414528545e+11,7.263875124881e+12,-59.53171052565263,-78.28669719256924,-93.19519981616938
MFM_t_8_mxi_292,maximin,20260712,2.711584776355e+08,8.355593932700e-02,5.099377172542e-02,1.638551856429e+00,second_order,-7.681057142049e+09,7.954301701801e+11,4.365140240303e+13,-49.455422561486216,-40.2872030380275,-59.10735440933548
MFM_t_8_mxi_293,maximin,20260712,2.539048107965e+08,2.307522131364e-02,1.358846391621e-02,1.698147888968e+00,second_order,-2.772178482078e+10,4.728101557812e+13,8.980884526533e+15,82.4209706678409,3449.3771662355925,8313.295056213467
MFM_t_8_mxi_294,maximin,20260712,4.876456495491e+08,7.870444938058e-02,5.015193220506e-02,1.569320381491e+00,second_order,-1.336437635577e+10,9.622770259695e+11,1.929519360976e+14,-12.056798544859703,-27.762040180249336,80.75742598189723
MFM_t_8_mxi_295,maximin,20260712,4.333129545435e+08,3.596512076049e-02,2.355382517953e-02,1.526933331905e+00,second_order,-2.412693215719e+10,4.077421073561e+12,1.126809344750e+16,58.765332456249375,206.09125203144973,10455.95299268374
MFM_t_8_mxi_296,maximin,20260712,4.123643955396e+08,3.663131945328e-02,2.286360320523e-02,1.602167389124e+00,second_order,-2.546320976768e+10,1.116570249745e+13,5.820638079535e+15,67.55859956957626,738.2072382507946,5352.775328964667
MFM_t_8_mxi_297,maximin,20260712,5.606167953737e+08,1.295836697494e-01,7.515427535744e-02,1.724235502679e+00,second_order,-1.116343794239e+10,6.511867323120e+11,8.112867240622e+11,-26.539896380896533,-51.11553145881717,-99.23998637722613
MFM_t_8_mxi_298,maximin,20260712,2.534174839789e+08,6.703014449426e-02,4.331482317166e-02,1.547510519173e+00,second_order,-7.865853211812e+09,5.890813984096e+11,2.585317551584e+14,-48.23938691877034,-55.77776748228842,142.192618235126
MFM_t_8_mxi_299,maximin,20260712,1.711749482613e+08,7.737073962477e-02,5.116044424193e-02,1.512315633127e+00,second_order,-4.298852525873e+09,8.905471057307e+10,1.050859221976e+14,-71.71174743626815,-93.31467921344631,-1.5554796311351482
MFM_t_8_mxi_300,maximin,20260712,2.896410968260e+08,1.484254269722e-01,9.397111883207e-02,1.579479193362e+00,second_order,-4.274856363050e+09,9.559116102496e+10,4.469108334985e+12,-71.86965225166063,-92.82398907706725,-95.81333810168398
MFM_t_8_mxi_301,maximin,20260712,3.777711257845e+08,6.135563226072e-02,3.547240223129e-02,1.729672319925e+00,second_order,-1.596352732670e+10,4.214251803672e+12,6.980109200815e+12,5.0467049306416545,216.36310984069857,-93.46103181066981
MFM_t_8_mxi_302,maximin,20260712,3.890478271175e+08,4.407910857258e-02,2.593107831990e-02,1.699856366511e+00,second_order,-2.227257269667e+10,1.046557914681e+13,5.134372580742e+14,46.56286948562618,685.6491067486459,380.9881623875027
MFM_t_8_mxi_303,maximin,20260712,4.899947759737e+08,8.332254531431e-02,5.528078843089e-02,1.507260436751e+00,second_order,-1.130055299046e+10,1.445517308314e+11,2.136288074401e+14,-25.637621858393643,-89.14852808300854,100.12752465423516
MFM_t_8_mxi_304,maximin,20260712,1.665537545029e+08,7.408003995377e-02,4.479609125790e-02,1.653716605033e+00,second_order,-5.413228926813e+09,7.631236964043e+11,4.068593097852e+13,-64.37868334739215,-42.71244409808792,-61.88540884277821
MFM_t_8_mxi_305,maximin,20260712,1.466457188418e+08,1.183537157031e-01,7.759677862967e-02,1.525240065285e+00,second_order,-2.472934531251e+09,3.674677477676e+10,9.979976806885e+12,-83.72705363290038,-97.24142635832484,-90.65075502502819
MFM_t_8_mxi_306,maximin,20260712,4.305907935762e+08,1.264485909122e-01,7.807966248396e-02,1.619481781676e+00,second_order,-7.877076205722e+09,3.226880329761e+11,1.062966604072e+13,-48.165534911906526,-75.77586855827032,-90.04212597485498
MFM_t_8_mxi_307,maximin,20260712,2.859704310913e+08,1.412926711430e-01,8.321470332146e-02,1.697929157990e+00,second_order,-5.098086892425e+09,2.317549650039e+11,1.182847133182e+12,-66.45245010458176,-82.60219729021144,-98.89190848535515
MFM_t_8_mxi_308,maximin,20260712,4.899025174806e+08,1.121999330992e-01,7.047060700062e-02,1.592152216004e+00,second_order,-9.741709495625e+09,4.236202637543e+11,2.781972146941e+13,-35.89546583508781,-68.19890450872592,-73.93847739470067
MFM_t_8_mxi_309,maximin,20260712,4.579940320423e+08,8.690634358571e-02,5.056936074402e-02,1.718557290563e+00,second_order,-1.352987027642e+10,1.727578113680e+12,8.449159781836e+12,-10.96777913864998,29.68897208759924,-92.08482482859398
MFM_t_8_mxi_310,maximin,20260712,3.322409054493e+08,1.311201170238e-01,8.616046799701e-02,1.521812962162e+00,second_order,-5.022431649817e+09,5.451313220233e+10,1.382094223058e+13,-66.95029333083453,-95.90770916544204,-87.05253757609113
MFM_t_8_mxi_311,maximin,20260712,8.065848466970e+07,1.002778032574e-01,5.828103988486e-02,1.720590494877e+00,second_order,-2.068812092661e+09,1.995273059599e+11,6.174874286632e+11,-86.38634876821874,-85.02152174281339,-99.42153760963102
MFM_t_8_mxi_312,maximin,20260712,4.759404887147e+08,5.833633070970e-02,3.604081336077e-02,1.618618595694e+00,second_order,-1.885207159121e+10,3.610750031615e+12,5.667966607945e+14,24.054537649765706,171.0583425185453,430.97526530402456
MFM_t_8_mxi_313,maximin,20260712,4.122262879849e+08,8.866687002783e-02,5.712438609686e-02,1.552171954679e+00,second_order,-9.751121253316e+09,4.478772011732e+11,1.007957270089e+14,-35.83353252217949,-66.37794066637368,-5.574535645567014
MFM_t_8_mxi_314,maximin,20260712,1.269629759316e+08,9.558259195775e-02,6.337791251021e-02,1.508137270100e+00,second_order,-2.557503728680e+09,2.659760722111e+10,2.772958128604e+13,-83.17055284540294,-98.00332250496754,-74.02292074288897
MFM_t_8_mxi_315,maximin,20260712,3.557974536411e+08,1.028816396367e-01,6.866726539436e-02,1.498263241529e+00,second_order,-6.509521332320e+09,1.386259682874e+10,5.679317385662e+13,-57.164619532912894,-98.95933739901666,-46.79613935321015
MFM_t_8_mxi_316,maximin,20260712,2.038016685529e+08,2.481689569213e-02,1.494434237306e-02,1.660621462800e+00,second_order,-1.992119960857e+10,2.574156497415e+13,1.072360313643e+16,31.08984839746338,1832.4145605852668,9945.874321841526
MFM_t_8_mxi_317,maximin,20260712,2.516400645342e+08,9.963176129395e-02,6.233825432930e-02,1.598244326311e+00,second_order,-5.682778833908e+09,3.277970713583e+11,2.465013661405e+13,-62.604931909178916,-75.39233398411889,-76.90774534543155
MFM_t_8_mxi_318,maximin,20260712,7.107109149374e+07,1.043145314319e-01,6.931389077792e-02,1.504958533725e+00,second_order,-1.302480604592e+09,8.655128638230e+09,1.020458619614e+13,-91.4291313599835,-99.35026108082201,-90.44034088835656
MFM_t_8_mxi_319,maximin,20260712,1.350568021835e+08,2.422451579681e-02,1.431748438802e-02,1.691953358587e+00,second_order,-1.396286679701e+10,2.118752564057e+13,4.441352039467e+15,-8.118480433949804,1490.5436632048868,4060.659793159184
MFM_t_8_mxi_320,maximin,20260712,2.657223948655e+08,4.153742504353e-02,2.461392099248e-02,1.687558234067e+00,second_order,-1.595290383669e+10,8.115559788576e+12,6.552746887147e+14,4.976797910872444,509.2335846127941,513.8615058168955
MFM_t_8_mxi_321,maximin,20260712,6.702318673222e+07,1.367627213916e-01,8.777039413892e-02,1.558187390331e+00,second_order,-1.038312429268e+09,2.175283361948e+10,1.804951910177e+12,-93.1674687460393,-98.36701877051824,-98.3091205618187
MFM_t_8_mxi_322,maximin,20260712,4.188644061246e+08,1.457643350033e-01,9.028175513606e-02,1.614549194171e+00,second_order,-6.605953636496e+09,1.979066095215e+11,5.318439070392e+12,-56.53005452762015,-85.14318712714406,-95.01768483878111
MFM_t_8_mxi_323,maximin,20260712,1.448468268507e+08,1.485290348771e-01,9.709735026960e-02,1.529691947975e+00,second_order,-1.963457393317e+09,2.094762690439e+10,3.084835488646e+12,-87.07962687577928,-98.4274654909132,-97.11012527895441
MFM_t_8_mxi_324,maximin,20260712,5.229266147522e+08,1.023698384076e-01,6.238313138423e-02,1.640985890515e+00,second_order,-1.212450187786e+10,8.461061036458e+11,2.966319708757e+13,-20.215692614230118,-36.482970008733886,-72.2115089364498
MFM_t_8_mxi_325,maximin,20260712,1.811784084635e+08,1.467208401149e-01,9.358393597890e-02,1.567799415361e+00,second_order,-2.657186486103e+09,5.416510170975e+10,3.217815388337e+12,-82.51459849450127,-95.93383575067743,-96.98554967291686
MFM_t_8_mxi_326,maximin,20260712,8.759106777836e+07,4.873463324156e-02,3.089013530870e-02,1.577676263135e+00,second_order,-3.926649218031e+09,8.010679021116e+11,3.588168695451e+14,-74.16100130434606,-39.86397953611347,236.13974054682325
MFM_t_8_mxi_327,maximin,20260712,4.628266346624e+08,2.275398813950e-02,1.397773491962e-02,1.627873777142e+00,second_order,-4.753893146111e+10,6.294802304020e+13,5.576377393311e+16,212.82610689435555,4625.4965424632655,52139.51851971469
MFM_t_8_mxi_328,maximin,20260712,4.295481783206e+08,7.154067812132e-02,4.300830193415e-02,1.663415547790e+00,second_order,-1.460858820349e+10,2.296714914746e+12,1.089476751873e+14,-3.869362763041817,72.4139673413571,2.0622116152640757
MFM_t_8_mxi_329,maximin,20260712,5.201880912460e+08,9.188767167905e-02,5.463610621961e-02,1.681812230720e+00,second_order,-1.403723631865e+10,1.431131591043e+12,2.740493769282e+13,-7.629097790899253,7.434786013291794,-74.32704694892134
MFM_t_8_mxi_330,maximin,20260712,3.791310809248e+08,9.970489975549e-02,5.948423921012e-02,1.676156593401e+00,second_order,-9.375049033132e+09,7.958456084346e+11,1.480897796523e+13,-38.30824545609386,-40.25601616447004,-86.12694543234022
MFM_t_8_mxi_331,maximin,20260712,2.308641441009e+08,3.705429464155e-02,2.427921503529e-02,1.526173502219e+00,second_order,-1.245799069091e+10,1.941020083644e+12,5.194675709320e+15,-18.021196358785364,45.71202161907226,4766.373611055197
MFM_t_8_mxi_332,maximin,20260712,3.975381009468e+08,6.087778128539e-02,4.062730740632e-02,1.498444892657e+00,second_order,-1.229676771179e+10,7.939139690714e+10,8.738516568866e+14,-19.08211117849009,-94.04010239771262,718.6244687844962
MFM_t_8_mxi_333,maximin,20260712,1.194790267104e+08,5.618848710003e-02,3.681729318858e-02,1.526143891465e+00,second_order,-4.251566125205e+09,2.878341984897e+11,3.353707120101e+14,-72.02291178463216,-78.39233951958849,214.17537381951072
MFM_t_8_mxi_334,maximin,20260712,5.616326285419e+08,2.913734575351e-02,1.889530141726e-02,1.542041860571e+00,second_order,-3.971539905094e+10,1.434686147513e+13,3.820209515605e+16,161.3439824373211,977.0162591544804,35687.733086182765
MFM_t_8_mxi_335,maximin,20260712,4.973162436472e+08,3.237948144731e-02,2.072416230144e-02,1.562402425552e+00,second_order,-3.276638071763e+10,1.290001679284e+13,1.750498529083e+16,115.61652737819314,868.4018942636806,16298.674960280743
MFM_t_8_mxi_336,maximin,20260712,3.367658704373e+08,1.303334574840e-01,7.556855566078e-02,1.724704890074e+00,second_order,-6.670131419910e+09,3.851064461568e+11,4.449855160331e+11,-56.10773779652294,-71.09012973080826,-99.5831374480913
MFM_t_8_mxi_337,maximin,20260712,1.302608694314e+08,2.384996094279e-02,1.591322734933e-02,1.498750719715e+00,second_order,-1.029227813299e+10,4.751075677910e+11,3.097454146597e+16,-32.27249329213278,-64.33376203950489,28916.958832308494
MFM_t_8_mxi_338,maximin,20260712,3.507800653738e+08,1.382297313305e-01,8.621302516589e-02,1.603350898133e+00,second_order,-5.749180166327e+09,1.784632942568e+11,6.407100385598e+12,-62.167983293069895,-86.60279323738975,-93.9978266239189
MFM_t_8_mxi_339,maximin,20260712,2.087186828962e+08,5.273330136440e-02,3.517069341706e-02,1.499353474186e+00,second_order,-7.469282337524e+09,8.281671091479e+10,9.361336669842e+14,-50.84898959384716,-93.7829647034968,776.9702727080503
MFM_t_8_mxi_340,maximin,20260712,5.073462578017e+08,8.236597365570e-02,4.980714420332e-02,1.653697977934e+00,second_order,-1.483033360487e+10,1.691072483934e+12,7.295724161760e+13,-2.4101850216956655,26.948501159147664,-31.65363629797361
MFM_t_8_mxi_341,maximin,20260712,3.787098150599e+08,7.892988573433e-02,4.562081146506e-02,1.730128930188e+00,second_order,-1.244492615380e+10,1.987607246516e+12,1.604617017325e+12,-18.107166492250425,49.209311389939536,-98.49679434368721
MFM_t_8_mxi_342,maximin,20260712,2.628973552737e+08,5.782750914117e-02,3.424820313078e-02,1.688483010929e+00,second_order,-1.134741054073e+10,2.987559502081e+12,1.213460669396e+14,-25.32927952550882,124.27554378429271,13.677028365935717
MFM_t_8_mxi_343,maximin,20260712,2.667822413465e+08,7.548363735240e-02,4.710232003859e-02,1.602546059102e+00,second_order,-7.998510805622e+09,8.281254998049e+11,1.010338977313e+14,-47.366444314759484,-37.832770640714216,-5.351417248333112
MFM_t_8_mxi_344,maximin,20260712,6.472146506048e+07,1.076156815969e-01,6.571826231007e-02,1.637530844762e+00,second_order,-1.421781444019e+09,8.832876683858e+10,2.973651131356e+12,-90.64408180165029,-93.3691756764276,-97.21428281496911
MFM_t_8_mxi_345,maximin,20260712,5.595740072134e+08,1.119334676693e-01,7.420671004039e-02,1.508400892701e+00,second_order,-9.630954291413e+09,7.446319921167e+10,5.540888833488e+13,-36.6242815296575,-94.4100612946846,-48.09293840479968
MFM_t_8_mxi_346,maximin,20260712,1.197128542373e+08,1.079666164987e-01,6.659214349499e-02,1.621311626751e+00,second_order,-2.570715115598e+09,1.459403141345e+11,6.399136148681e+12,-83.08361637861226,-89.04428738916609,-94.00528752321922
MFM_t_8_mxi_347,maximin,20260712,6.531581048260e+07,6.865044453266e-02,4.031266680188e-02,1.702949717270e+00,second_order,-2.407914177965e+09,4.708922459117e+11,8.493609568074e+12,-84.15491482713009,-64.65020547972668,-92.04318425681053
MFM_t_8_mxi_348,maximin,20260712,5.529554156674e+08,6.129858679997e-02,3.600144312445e-02,1.702670267635e+00,second_order,-2.282400237351e+10,5.593581133684e+12,1.279153123262e+14,50.19150802944763,319.90910962098286,19.83109922285955
MFM_t_8_mxi_349,maximin,20260712,5.381682774740e+08,5.451317412791e-02,3.311156604836e-02,1.646348410350e+00,second_order,-2.357553298032e+10,5.945145201157e+12,6.690614619534e+14,55.13689461502227,346.3009596753846,526.7769587199592
MFM_t_8_mxi_350,maximin,20260712,2.720214588929e+08,2.567281032498e-02,1.566210074904e-02,1.639167742332e+00,second_order,-2.509658554976e+10,2.761026640269e+13,1.588118350896e+16,65.14605845306156,1972.6976340317922,14777.497011347532
MFM_t_8_mxi_351,maximin,20260712,5.490930323796e+08,1.495993984820e-01,9.278666127356e-02,1.612294228811e+00,second_order,-8.413493773582e+09,2.360782945147e+11,6.249339830931e+12,-44.635682341268534,-82.27764573690581,-94.14561675424783
MFM_t_8_mxi_352,maximin,20260712,4.984320203412e+08,6.675862265862e-02,4.452849317357e-02,1.499233814142e+00,second_order,-1.408570972798e+10,9.458330943628e+10,6.879455583079e+14,-7.310122427706556,-92.89964831094949,544.4675852981084
MFM_t_8_mxi_353,maximin,20260712,4.803402057277e+08,8.347120433347e-02,5.227543742504e-02,1.596757644604e+00,second_order,-1.292131838758e+10,1.050614001895e+12,1.153815588203e+14,-14.9723057945501,-21.130599602027722,8.08947554476347
MFM_t_8_mxi_354,maximin,20260712,3.989472171907e+08,1.365878771560e-01,8.078014500281e-02,1.690859519394e+00,second_order,-7.307274485656e+09,3.475403892407e+11,2.365928713389e+12,-51.91506920541023,-73.91020673239483,-97.78359734067381
MFM_t_8_mxi_355,maximin,20260712,2.960387568299e+08,6.867367400591e-02,4.591775212742e-02,1.495580049636e+00,second_order,-8.062200981751e+09,3.092506679683e+09,3.618313077500e+14,-46.94733624410059,-99.7678460908446,238.9636670733941
MFM_t_8_mxi_356,maximin,20260712,3.034557108973e+08,1.389913300218e-01,8.492712627242e-02,1.636595233141e+00,second_order,-5.155774886879e+09,1.911543892537e+11,3.919910587780e+12,-66.07283890666598,-85.65007506402274,-96.32782669997209
MFM_t_8_mxi_357,maximin,20260712,2.037697642626e+08,6.780371452059e-02,4.018093586860e-02,1.687459812840e+00,second_order,-7.493684964802e+09,1.430224583042e+12,4.345522843960e+13,-50.688410071869136,7.366697089037988,-59.291130231394796
MFM_t_8_mxi_358,maximin,20260712,1.469336991089e+08,8.833422038214e-02,5.513286081422e-02,1.602206362550e+00,second_order,-3.762700848221e+09,2.838145792227e+11,2.542652996587e+13,-75.23985033782287,-78.69409160060454,-76.18041984322227
MFM_t_8_mxi_359,maximin,20260712,5.002993362185e+08,1.497797113245e-01,9.709166815488e-02,1.542662868719e+00,second_order,-6.890005238634e+09,9.524679507555e+10,9.444478737515e+12,-54.660875853997105,-92.84984056571908,-91.15240976141102
MFM_t_8_mxi_360,maximin,20260712,3.368494276176e+08,7.986756701368e-02,4.768714590756e-02,1.674823801963e+00,second_order,-1.038426028787e+10,1.367234946827e+12,4.086817027267e+13,-31.66721213560524,2.6380766531759914,-61.71468702267349
MFM_t_8_mxi_361,maximin,20260712,3.724044166846e+08,1.154763738296e-01,7.070323160536e-02,1.633254537419e+00,second_order,-7.585825846605e+09,4.008405344444e+11,1.260118033433e+13,-50.082084425618014,-69.90897460931409,-88.19521085077349
MFM_t_8_mxi_362,maximin,20260712,4.292243346674e+08,1.348444357271e-01,8.648657347355e-02,1.559137219933e+00,second_order,-6.754646845910e+09,1.473330139812e+11,1.232732225780e+13,-55.55159084758012,-88.93973766715072,-88.45176117101946
MFM_t_8_mxi_363,maximin,20260712,3.145695450430e+08,9.620732305863e-02,5.626705791955e-02,1.709833899547e+00,second_order,-8.328206644247e+09,8.464303407474e+11,5.763638875305e+12,-45.19690742180887,-36.45862958899472,-94.6006215409917
MFM_t_8_mxi_364,maximin,20260712,2.896692238630e+08,4.538411518989e-02,2.860047232975e-02,1.586830967916e+00,second_order,-1.413304757384e+10,3.601251485380e+12,1.582930754163e+15,-6.998619548403029,170.345288395094,1382.8899591106315
MFM_t_8_mxi_365,maximin,20260712,3.053296463201e+08,8.903449278758e-02,5.612578089740e-02,1.586338601691e+00,second_order,-7.588228429917e+09,5.003697550068e+11,5.763450137634e+13,-50.06627441977896,-62.43733427930206,-46.007983504929896
MFM_t_8_mxi_366,maximin,20260712,4.999186923777e+08,1.383347123817e-01,8.315841859115e-02,1.663508213904e+00,second_order,-8.793470992952e+09,3.698794143766e+11,4.683919265739e+12,-42.13527287494932,-72.2332202133062,-95.6121031635892
MFM_t_8_mxi_367,maximin,20260712,1.278781541654e+08,1.413903786977e-01,9.416951239568e-02,1.501445373356e+00,second_order,-1.715148491237e+09,3.992415900452e+09,4.091921945702e+12,-88.7136035924929,-99.70029007072053,-96.16668641329518
MFM_t_8_mxi_368,maximin,20260712,3.146390317854e+08,2.748185744738e-02,1.618449780444e-02,1.698035847603e+00,second_order,-2.884140094966e+10,3.466808332208e+13,4.660265215715e+15,89.7885143641098,2502.5266554867953,4265.737715943511
MFM_t_8_mxi_369,maximin,20260712,2.566281623558e+08,1.181466271385e-01,7.099995476390e-02,1.664038062157e+00,second_order,-5.288336567676e+09,3.055874709828e+11,5.249120139394e+12,-65.20052745050668,-77.05960461018591,-95.08262283210954
MFM_t_8_mxi_370,maximin,20260712,3.618231983856e+08,6.666505455538e-02,4.098071859991e-02,1.626741961414e+00,second_order,-1.266752957380e+10,1.942509930989e+12,2.042698454821e+14,-16.642342628530727,45.82386418596431,91.36004655785123
MFM_t_8_mxi_371,maximin,20260712,2.495920697649e+08,9.281222855130e-02,5.552122680818e-02,1.671653057523e+00,second_order,-6.599648548082e+09,6.360556746255e+11,1.510177287672e+13,-56.571544653745306,-52.251417183706515,-85.85265507997619
MFM_t_8_mxi_372,maximin,20260712,2.170684660521e+08,4.004714479890e-02,2.396172518496e-02,1.671296389962e+00,second_order,-1.329720374989e+10,6.874323945771e+12,8.834615797479e+14,-12.498822463815051,416.0542375853157,727.6270471230443
MFM_t_8_mxi_373,maximin,20260712,4.210040327697e+08,1.107183382482e-01,7.055715814530e-02,1.569200647513e+00,second_order,-8.200286683446e+09,2.979817849903e+11,3.026152693786e+13,-46.038674413652004,-77.63056206245837,-71.65099337068816
MFM_t_8_mxi_374,maximin,20260712,5.624178725722e+08,6.447721559248e-02,4.150341086451e-02,1.553540160903e+00,second_order,-1.833766555572e+10,1.624073730099e+12,6.703538869068e+14,20.66953019378328,21.918916998983494,527.9877027662548
MFM_t_8_mxi_375,maximin,20260712,3.321691742458e+08,8.462834910415e-02,5.136178240291e-02,1.647691048575e+00,second_order,-9.387365746474e+09,9.880930347372e+11,4.504819088718e+13,-38.22719631666034,-25.82403713773822,-57.798842579174824
MFM_t_8_mxi_376,maximin,20260712,5.337602186432e+08,1.491127632872e-01,8.885839151881e-02,1.678094333450e+00,second_order,-8.842722787057e+09,3.379369363725e+11,2.687871011411e+12,-41.81117541348169,-74.63113617755639,-97.48200170871438
MFM_t_8_mxi_377,maximin,20260712,4.491610986516e+08,9.416495339492e-02,5.715430699579e-02,1.647556559506e+00,second_order,-1.140637419465e+10,9.691644710176e+11,3.577460191951e+13,-24.941273953293774,-27.245000943919116,-66.48634323510112
MFM_t_8_mxi_378,maximin,20260712,1.987893333173e+08,4.649107889828e-02,2.686525973713e-02,1.730527802567e+00,second_order,-1.109433778244e+10,5.112545989731e+12,9.413304999164e+12,-26.99460441405077,283.79788960535905,-91.18161332793917
MFM_t_8_mxi_379,maximin,20260712,2.503880597349e+08,5.560357424031e-02,3.224292630798e-02,1.724520091917e+00,second_order,-1.162257243633e+10,3.685009872730e+12,2.400005227989e+13,-23.51859884925852,176.6330151688476,-77.51674452569621
MFM_t_8_mxi_380,maximin,20260712,9.885181951673e+07,3.649603024920e-02,2.350941240432e-02,1.552400784058e+00,second_order,-5.683146969217e+09,1.545802222493e+12,2.042817792703e+15,-62.60250942444934,16.043089281100563,1813.7122613386832
MFM_t_8_mxi_381,maximin,20260712,4.883214682590e+08,3.588729582345e-02,2.089790093972e-02,1.717267965188e+00,second_order,-3.489368287284e+10,2.603448628906e+13,8.222918058727e+14,129.6150677523435,1854.404109962171,670.3231863937951
MFM_t_8_mxi_382,maximin,20260712,2.023523758988e+08,8.316949910074e-02,4.862570304922e-02,1.710401986714e+00,second_order,-6.200317137796e+09,8.446175523529e+11,7.481270124973e+12,-59.1993128134608,-36.594715281232524,-92.99154412121908
MFM_t_8_mxi_383,maximin,20260712,3.266402071603e+08,6.397839379118e-02,3.812785649428e-02,1.677996081442e+00,second_order,-1.261094882130e+10,2.617035727854e+12,1.133306747828e+14,-17.014667710010688,96.46039202183054,6.168206823114852
MFM_t_8_mxi_384,maximin,20260712,1.705584481721e+08,4.358266351837e-02,2.771843126476e-02,1.572335140545e+00,second_order,-8.480746000724e+09,2.054331023517e+12,1.269060608266e+15,-44.19313448101598,54.21825308961701,1088.856321447589
MFM_t_8_mxi_385,maximin,20260712,3.047276692865e+08,2.273447635788e-02,1.433083920253e-02,1.586402306005e+00,second_order,-2.966173061034e+10,3.001386527554e+13,5.296414783802e+16,95.18662757854803,2153.135360501258,49516.82803577861
MFM_t_8_mxi_386,maximin,20260712,4.235314614981e+08,3.394954596953e-02,2.021450896464e-02,1.679464291164e+00,second_order,-3.086078007264e+10,2.286177098202e+13,3.395722381866e+15,103.0768759231481,1616.2289538645261,3081.113646793047
MFM_t_8_mxi_387,maximin,20260712,2.097874460368e+08,9.918463316981e-02,6.491851220211e-02,1.527832813867e+00,second_order,-4.243116105836e+09,9.665785346443e+10,3.401835784578e+13,-72.07851645602761,-92.74391267130994,-68.13159315891025
MFM_t_8_mxi_388,maximin,20260712,1.478204200879e+08,6.217284956492e-02,3.704016738320e-02,1.678525070411e+00,second_order,-5.875940583945e+09,1.293644095832e+12,5.858775786631e+13,-61.33384658168459,-2.8863750315372694,-45.1149725670124
MFM_t_8_mxi_389,maximin,20260712,3.693255123906e+08,8.135385301089e-02,5.026909885937e-02,1.618367045697e+00,second_order,-1.048672319452e+10,1.031279015543e+12,8.358291191684e+13,-30.99296323679225,-22.582073480668864,-21.69950548452899
MFM_t_8_mxi_390,maximin,20260712,8.743589803968e+07,1.497221834633e-01,9.078150811707e-02,1.649258605290e+00,second_order,-1.399152626193e+09,4.737598113149e+10,6.709080846988e+11,-90.7929889134965,-96.44349378709337,-99.37149312459213
MFM_t_8_mxi_391,maximin,20260712,3.859429644612e+08,2.091176172029e-02,1.299681145042e-02,1.608991697700e+00,second_order,-4.212465171564e+10,5.926749585359e+13,8.474940779594e+16,177.1978754142701,4349.200041719144,79293.26817086441
MFM_t_8_mxi_392,maximin,20260712,4.908178275833e+08,1.069947549965e-01,6.190206754018e-02,1.728452041235e+00,second_order,-1.188091308291e+10,1.028082468219e+12,8.511828043305e+11,-21.81860904641021,-22.82203770190795,-99.20261171842812
MFM_t_8_mxi_393,maximin,20260712,4.342698355873e+08,5.373679314657e-02,3.392732495938e-02,1.583879460314e+00,second_order,-1.781847828420e+10,3.159644400962e+12,1.042702223255e+15,17.25306019946775,137.19392557609237,876.8037250781422
MFM_t_8_mxi_394,maximin,20260712,5.273038621602e+08,1.162565680134e-01,6.797796912731e-02,1.710209491485e+00,second_order,-1.155676676422e+10,8.052533737181e+11,3.685817876949e+12,-23.951627770713735,-39.54977695039504,-96.54712481486393
MFM_t_8_mxi_395,maximin,20260712,3.535076502653e+08,6.619344615019e-02,4.257084996549e-02,1.554900740855e+00,second_order,-1.125312305999e+10,9.635868342580e+11,3.662377972258e+14,-25.949730693051364,-27.663713112302446,243.09166760747033
MFM_t_8_mxi_396,maximin,20260712,4.490141955790e+08,1.160328190492e-01,7.753344019240e-02,1.496551923418e+00,second_order,-7.254219404087e+09,5.049878530229e+09,3.964402352418e+13,-52.26419389349394,-99.62090654508376,-62.86146802812158
MFM_t_8_mxi_397,maximin,20260712,4.058762590938e+08,7.000303434267e-02,4.115666943218e-02,1.700891624820e+00,second_order,-1.464542206104e+10,2.737221342537e+12,5.129783803027e+13,-3.6269805322023507,105.4827040692739,-51.944171443308896
MFM_t_8_mxi_398,maximin,20260712,5.385880991628e+08,6.370055833556e-02,3.978547727676e-02,1.601100770827e+00,second_order,-1.909743564731e+10,2.749165974435e+12,4.823426430863e+14,25.669136044859297,106.37938539473745,351.8587186473378
MFM_t_8_mxi_399,maximin,20260712,1.346756052438e+08,2.568534541378e-02,1.677996172563e-02,1.530715375504e+00,second_order,-1.057758367197e+10,3.871979526459e+12,1.843318268394e+16,-30.395063188186878,190.66879277663213,17168.210529474534
MFM_t_8_mxi_400,maximin,20260712,3.520071195909e+08,2.088490887914e-02,1.375389021694e-02,1.518472850206e+00,second_order,-3.317941915482e+10,1.255829467079e+13,1.456051909947e+17,118.33449352367916,842.7488772467802,136302.9823494052
MFM_t_8_mxi_401,maximin,20260712,8.172852147733e+07,3.181208743564e-02,1.838388988900e-02,1.730432875072e+00,second_order,-6.665359177615e+09,6.558527949953e+12,2.740823678978e+13,-56.139141152307715,392.3474901087715,-74.32395635399591
MFM_t_8_mxi_402,maximin,20260712,1.309147570452e+08,8.864158059888e-02,5.442596604825e-02,1.628663430986e+00,second_order,-3.455040771636e+09,3.026983284835e+11,1.743896130757e+13,-77.26438267472739,-77.27649200762502,-83.66317632511456
MFM_t_8_mxi_403,maximin,20260712,3.143864582251e+08,1.116527160567e-01,6.975462944951e-02,1.600649547389e+00,second_order,-6.356113628495e+09,2.969029739528e+11,1.708277734148e+13,-58.17410656344146,-77.71154820914674,-83.99684956099173
MFM_t_8_mxi_404,maximin,20260712,5.088821425054e+08,2.332887746440e-02,1.411102574989e-02,1.653237537646e+00,second_order,-5.249259028456e+10,7.446902410003e+13,4.039194571013e+16,245.42325952262695,5490.375978616076,37739.185678191534
MFM_t_8_mxi_405,maximin,20260712,1.216544986803e+08,3.559661213876e-02,2.142558199762e-02,1.661407010681e+00,second_order,-8.297357816301e+09,5.227494612110e+12,1.042296659930e+15,-45.399905647726,292.4270616012132,876.4237932454677
MFM_t_8_mxi_406,maximin,20260712,1.319554894941e+08,1.122961231643e-01,6.696871419192e-02,1.676844546283e+00,second_order,-2.899126379137e+09,1.944877279482e+11,2.808118949897e+12,-80.92253252847973,-85.39984193969318,-97.36935340738111
MFM_t_8_mxi_407,maximin,20260712,1.633619916726e+08,1.186970737371e-01,7.588079028656e-02,1.564257215678e+00,second_order,-2.944924781227e+09,8.816723194687e+10,8.578029591381e+12,-80.62115983482722,-93.38130207111637,-91.9640995561181
MFM_t_8_mxi_408,maximin,20260712,1.777525784088e+08,1.171647999324e-01,7.123776005510e-02,1.644700785676e+00,second_order,-3.616221580758e+09,1.959555746537e+11,4.915042536706e+12,-76.20374535129562,-85.28965095677262,-95.39558682076597
MFM_t_8_mxi_409,maximin,20260712,4.959196100964e+08,9.363935668457e-02,6.004966072145e-02,1.559365291320e+00,second_order,-1.124260967434e+10,5.099861925641e+11,8.806667848512e+13,-26.018913179953884,-61.71543007591167,-17.499111749293185
MFM_t_8_mxi_410,maximin,20260712,4.461864509375e+08,1.308481690753e-01,7.684774552641e-02,1.702693659768e+00,second_order,-8.628005536246e+09,4.640930018872e+11,2.327090659194e+12,-43.22410497646971,-65.16062348139482,-97.81998084035988
MFM_t_8_mxi_411,maximin,20260712,1.754572775968e+08,5.885874253929e-02,3.868956211524e-02,1.521308056265e+00,second_order,-5.902610104982e+09,3.124580390668e+11,4.016208391129e+14,-61.15834994803462,-76.54383232445477,276.23851082798467
MFM_t_8_mxi_412,maximin,20260712,1.964081158314e+08,1.414750430957e-01,8.754452023628e-02,1.616035392208e+00,second_order,-3.197514031230e+09,1.025857218856e+11,2.856264160953e+12,-78.95901663359763,-92.29890867633893,-97.32425096062755
MFM_t_8_mxi_413,maximin,20260712,4.557507758528e+08,7.769966035337e-02,5.067946855060e-02,1.533158546755e+00,second_order,-1.188834068468e+10,5.040705564458e+11,2.426769797682e+14,-21.76973231161923,-62.159515794150124,127.33986035658336
MFM_t_8_mxi_414,maximin,20260712,9.007204562144e+07,1.334146494413e-01,7.993812816634e-02,1.668973898959e+00,second_order,-1.652245797733e+09,7.629946811898e+10,9.284603130915e+11,-89.1275296972082,-94.2722129246574,-99.13021812729635
MFM_t_8_mxi_415,maximin,20260712,2.279332652793e+08,8.060200047294e-02,5.296086570744e-02,1.521916218632e+00,second_order,-5.606390039432e+09,1.616007231978e+11,1.079568331391e+14,-63.10760221437559,-87.86866335352443,1.1339905162196517
MFM_t_8_mxi_416,maximin,20260712,3.912738311045e+08,2.739866274625e-02,1.651951495908e-02,1.658563390881e+00,second_order,-3.456570631440e+10,3.634201902444e+13,1.292606979078e+16,127.45684444407823,2628.1887015967486,12009.145679999297
MFM_t_8_mxi_417,maximin,20260712,8.513427330618e+07,8.745734707852e-02,5.665399694319e-02,1.543710096328e+00,second_order,-2.011715385100e+09,8.308223334385e+10,2.352383055080e+13,-86.7620690503922,-93.76303198345461,-77.96286917045445
MFM_t_8_mxi_418,maximin,20260712,2.334327112977e+08,2.008037817803e-02,1.277473607302e-02,1.571882038364e+00,second_order,-2.517451422635e+10,2.859504547480e+13,8.392011745306e+16,65.65886182839662,2046.6248183275422,78516.38875310717
MFM_t_8_mxi_419,maximin,20260712,2.085232379542e+08,5.676209445008e-02,3.486155171022e-02,1.628214800130e+00,second_order,-8.589410594955e+09,1.830907270912e+12,2.591638613036e+14,-43.478075876925416,37.44587296633901,142.78477544310496
MFM_t_8_mxi_420,maximin,20260712,3.718137338484e+08,1.186541877064e-01,7.767420365974e-02,1.527588080931e+00,second_order,-6.283240134900e+09,9.934698283951e+10,2.464293744234e+13,-58.653644714520105,-92.5420402224157,-76.9144895314388
MFM_t_8_mxi_421,maximin,20260712,5.085411321793e+08,2.343233918873e-02,1.378571977169e-02,1.699754497901e+00,second_order,-5.476067005916e+10,9.102472754067e+13,1.585931615369e+16,260.34817567465234,6733.2095989321515,14757.011667009565
MFM_t_8_mxi_422,maximin,20260712,2.882536185436e+08,5.732582631140e-02,3.539710644059e-02,1.619506001363e+00,second_order,-1.163193253980e+10,2.318763796313e+12,3.714908956224e+14,-23.457005442788216,74.06917283595224,248.01277160778855
MFM_t_8_mxi_423,maximin,20260712,7.316423918966e+07,1.156745280091e-01,7.310548296386e-02,1.582296201590e+00,second_order,-1.391356338584e+09,5.252278454054e+10,3.845893473873e+12,-90.84429175573534,-96.0571241993039,-96.3971659523218
MFM_t_8_mxi_424,maximin,20260712,5.246315176323e+08,3.525205873435e-02,2.351537467090e-02,1.499106828095e+00,second_order,-2.806855892748e+10,6.541819062252e+11,1.764890802316e+16,84.70288972736948,-50.89068430258696,16433.5018148975
MFM_t_8_mxi_425,maximin,20260712,9.075699773371e+07,6.348808070548e-02,4.017950224499e-02,1.580111180033e+00,second_order,-3.134477836144e+09,3.852746173322e+11,9.734433393645e+13,-79.37382123471322,-71.07750515152024,-8.807801610373122
MFM_t_8_mxi_426,maximin,20260712,2.088737219637e+08,1.226543612007e-01,7.117394817545e-02,1.723304163180e+00,second_order,-4.390610583578e+09,2.851488729255e+11,4.453981724692e+11,-71.10794093313872,-78.59392641709775,-99.58275087143022
MFM_t_8_mxi_427,maximin,20260712,3.549961194604e+08,5.355684500442e-02,3.475891609997e-02,1.540808834498e+00,second_order,-1.362683971583e+10,1.424405476536e+12,1.159689016225e+15,-10.329679558242411,6.929857831087527,986.3969844089945
MFM_t_8_mxi_428,maximin,20260712,2.231617448766e+08,1.245287969830e-01,8.173382968686e-02,1.523589405514e+00,second_order,-3.564843277040e+09,4.547891316480e+10,1.189113958532e+13,-76.54183613787727,-96.58590633135526,-88.86037721670405
MFM_t_8_mxi_429,maximin,20260712,4.695515389579e+08,5.916691470465e-02,3.446589179029e-02,1.716680220104e+00,second_order,-2.034023318408e+10,5.573981821465e+12,6.750370101980e+13,33.84726506746263,318.4377928479939,-36.76251460664981
MFM_t_8_mxi_430,maximin,20260712,3.869490931800e+08,1.172326507335e-01,6.804954267895e-02,1.722754424473e+00,second_order,-8.505847815312e+09,6.037875149210e+11,1.099605494225e+12,-44.027954013298235,-54.67378201346278,-98.96988927526944
MFM_t_8_mxi_431,maximin,20260712,5.019582150310e+08,5.373499377764e-02,3.203882642375e-02,1.677183585533e+00,second_order,-2.305495507134e+10,6.762825205870e+12,4.231119132701e+14,51.71127364298507,407.6840476342396,296.3713549175955
MFM_t_8_mxi_432,maximin,20260712,2.240097513295e+08,7.768681011359e-02,4.672696042075e-02,1.662569305045e+00,second_order,-7.009360059062e+09,9.314254270818e+11,3.810616003547e+13,-53.87547107803762,-30.07806404934187,-64.30213896075297
MFM_t_8_mxi_433,maximin,20260712,1.407108511915e+08,2.171995628843e-02,1.350774456713e-02,1.607963208106e+00,second_order,-1.476689000439e+10,1.913389728301e+13,2.579304125153e+16,-2.827670521170045,1336.378159119765,24062.928028424416
MFM_t_8_mxi_434,maximin,20260712,2.030760247513e+08,9.760772425035e-02,5.761014808787e-02,1.694280044229e+00,second_order,-5.222319746287e+09,4.917635914501e+11,5.917849616946e+12,-65.63494582277396,-63.08339739879173,-94.45615687646671
MFM_t_8_mxi_435,maximin,20260712,1.664129975428e+08,8.322046105919e-02,5.353999596933e-02,1.554360614948e+00,second_order,-4.209698873179e+09,2.263706708280e+11,5.508099948523e+13,-72.29841586213487,-83.0063952663031,-48.40010476793438
MFM_t_8_mxi_436,maximin,20260712,4.410068171317e+08,1.149057146771e-01,6.983170440610e-02,1.645466277164e+00,second_order,-9.156220446278e+09,5.176368670534e+11,1.331798075571e+13,-39.748229334543694,-61.14109534543712,-87.5237120219364
MFM_t_8_mxi_437,maximin,20260712,5.323079282991e+08,7.840923016489e-02,4.924608309747e-02,1.592192215769e+00,second_order,-1.514740398168e+10,1.349160161114e+12,1.812994953403e+14,-0.3237289626203621,1.281205805333796,69.841416325323
MFM_t_8_mxi_438,maximin,20260712,2.335560440225e+08,1.461278466670e-01,9.766918227495e-02,1.496151019833e+00,second_order,-2.993306998211e+09,8.775250048562e+08,6.523671662850e+12,-80.30278455551738,-99.93412435885834,-93.88862261982518
MFM_t_8_mxi_439,maximin,20260712,2.675182275399e+08,9.593889299687e-02,5.911820543273e-02,1.622831618359e+00,second_order,-6.477043992498e+09,4.696002030878e+11,2.543380280001e+13,-57.378334049973766,-64.74719889750496,-76.17360665023065
MFM_t_8_mxi_440,maximin,20260712,5.623689990755e+08,1.020795085027e-01,6.099706821376e-02,1.673514998212e+00,second_order,-1.354598856956e+10,1.086629457534e+12,2.047376344798e+13,-10.861714009758872,-18.426925953871276,-80.82017285824399
MFM_t_8_mxi_441,maximin,20260712,5.200100142476e+08,1.392445276691e-01,9.259355527766e-02,1.503825263557e+00,second_order,-7.120940371690e+09,2.353236944561e+10,1.772826063782e+13,-53.14122582403928,-98.23342934248814,-83.39216063420267
MFM_t_8_mxi_442,maximin,20260712,5.568291709462e+08,9.598099855246e-02,5.638101122217e-02,1.702363907136e+00,second_order,-1.467451999905e+10,1.465507769427e+12,1.383035204477e+13,-3.4355038963892914,10.015399418623883,-87.04372245961004
MFM_t_8_mxi_443,maximin,20260712,3.474442322564e+08,1.434555530842e-01,8.399773853143e-02,1.707850182544e+00,second_order,-6.157665546632e+09,2.798408249198e+11,9.413642599623e+11,-59.47997817144426,-78.99240060717908,-99.11812970637378
MFM_t_8_mxi_444,maximin,20260712,2.573133492077e+08,9.276834188476e-02,5.891577283452e-02,1.574592633204e+00,second_order,-6.031680564588e+09,3.297733480664e+11,4.312110229267e+13,-60.30901219153411,-75.24397525416936,-59.60413969631028
MFM_t_8_mxi_445,maximin,20260712,5.580524815199e+08,7.639632405815e-02,5.025223112453e-02,1.520257356710e+00,second_order,-1.443286279995e+10,4.368427578995e+11,3.488560658138e+14,-5.025709617762941,-67.20629429877572,226.808456914251
MFM_t_8_mxi_446,maximin,20260712,6.297469455991e+07,1.496168119329e-01,8.772093635895e-02,1.705599804825e+00,second_order,-1.067891609031e+09,4.431963525156e+10,1.512445149936e+11,-92.97282533765816,-96.67293311164464,-99.85831409740146
MFM_t_8_mxi_447,maximin,20260712,3.079303521536e+08,9.411856776728e-02,6.038173895425e-02,1.558725690868e+00,second_order,-6.937996097809e+09,3.090208789058e+11,5.353151915648e+13,-54.34507587320636,-76.80185930722952,-49.85165835946073
MFM_t_8_mxi_448,maximin,20260712,3.089092837014e+08,3.862161727801e-02,2.241260160231e-02,1.723209913928e+00,second_order,-2.061998442530e+10,1.350296080226e+13,2.150926728589e+14,35.688145562669106,913.6647904469902,101.4988741749384
MFM_t_8_mxi_449,maximin,20260712,5.610100742369e+08,1.009908228257e-01,6.226699717368e-02,1.621899680564e+00,second_order,-1.288865202384e+10,8.389938259211e+11,4.164125748797e+13,-15.187264168268255,-37.016887392853235,-60.99045871005136
MFM_t_8_mxi_450,maximin,20260712,5.209055024124e+08,1.182934638429e-01,7.290084467231e-02,1.622662458503e+00,second_order,-1.022647245298e+10,4.872396978769e+11,1.740613942800e+13,-32.70552226557331,-63.42300525947031,-83.69392387078292
MFM_t_8_mxi_451,maximin,20260712,1.878125836686e+08,1.425178486554e-01,8.401520170640e-02,1.696334065274e+00,second_order,-3.314363936271e+09,1.473501541251e+11,7.792629877248e+11,-78.1900952514489,-88.93845095969233,-99.26998622209808
MFM_t_8_mxi_452,maximin,20260712,2.531079017664e+08,2.666755488593e-02,1.766675982803e-02,1.509476278928e+00,second_order,-1.832841371870e+10,2.690873578789e+12,3.245653653447e+16,20.608649225961017,102.00338594673002,30305.292213759632
MFM_t_8_mxi_453,maximin,20260712,3.478164785630e+08,7.777085553601e-02,5.132622278522e-02,1.515226551181e+00,second_order,-8.744323626782e+09,2.077096382019e+11,2.046916826460e+14,-42.45868315680747,-84.40727556237077,91.75522372721376
MFM_t_8_mxi_454,maximin,20260712,1.451295500895e+08,1.368156353214e-01,8.565090202050e-02,1.597363624830e+00,second_order,-2.383832812134e+09,7.246215279638e+10,2.932359544292e+12,-84.31338031404944,-94.56027948200912,-97.2529647849112
MFM_t_8_mxi_455,maximin,20260712,3.812504010009e+08,4.807572268303e-02,3.172426479137e-02,1.515424328954e+00,second_order,-1.551169744605e+10,9.730699806837e+11,2.482718698659e+15,2.073474818014698,-26.951815049710394,2225.8115491503913
MFM_t_8_mxi_456,maximin,20260712,5.096376430075e+08,1.381072884071e-01,8.799158872263e-02,1.569551026547e+00,second_order,-7.962418148725e+09,1.866459775233e+11,1.210105998364e+13,-47.60394913444183,-85.98852070560233,-88.66372373071766
MFM_t_8_mxi_457,maximin,20260712,4.646847785365e+08,1.407039091684e-01,8.777419588082e-02,1.603021340799e+00,second_order,-7.478828162104e+09,2.235661989574e+11,7.788744692589e+12,-50.7861740645814,-83.21692645517766,-92.70350186302142
MFM_t_8_mxi_458,maximin,20260712,3.400676962996e+08,9.680489353239e-02,6.026841078655e-02,1.606229403912e+00,second_order,-7.989124490276e+09,5.153418874064e+11,3.598029536877e+13,-47.42821020636716,-61.3133790465471,-66.29364955613866
MFM_t_8_mxi_459,maximin,20260712,4.392835613682e+08,1.336536996425e-01,8.037350006025e-02,1.662907544679e+00,second_order,-7.992432739157e+09,3.593008131767e+11,4.933064243898e+12,-47.406440541246965,-73.02735386484758,-95.37870408058876
MFM_t_8_mxi_460,maximin,20260712,1.175211078987e+08,6.136914822258e-02,3.805460462054e-02,1.612660250567e+00,second_order,-4.391675682344e+09,7.338960314683e+11,1.147553947312e+14,-71.10093213655485,-44.90655954332025,7.502884856547909
MFM_t_8_mxi_461,maximin,20260712,1.355232239632e+08,1.391447203281e-01,8.513348982861e-02,1.634429888968e+00,second_order,-2.294196208865e+09,8.398034512489e+10,1.782625047732e+12,-84.90322675724966,-93.69561089680127,-98.33003637260263
MFM_t_8_mxi_462,maximin,20260712,1.108459303828e+08,3.602848988356e-02,2.387356498485e-02,1.509137403920e+00,second_order,-5.936795370078e+09,4.666913014842e+11,3.163915777698e+15,-60.933396566365076,-64.96556960727925,2863.9571572421064
MFM_t_8_mxi_463,maximin,20260712,2.096931312078e+08,3.563282066723e-02,2.078619534476e-02,1.714254103564e+00,second_order,-1.504983125359e+10,1.129323713253e+13,4.409262642794e+14,-0.9657984355622706,747.781239911339,313.05984376670597
MFM_t_8_mxi_464,maximin,20260712,2.639615143721e+08,5.161027832500e-02,3.421564412905e-02,1.508382485226e+00,second_order,-9.852772444159e+09,3.578467167112e+11,1.254370700341e+15,-35.16462505381107,-73.1365126197737,1075.0948117258572
MFM_t_8_mxi_465,maximin,20260712,4.348853668950e+08,1.124834563767e-01,6.993167082323e-02,1.608476603698e+00,second_order,-8.818568297377e+09,4.274341864350e+11,2.130377062153e+13,-41.970122085995676,-67.91259403271049,-80.04262191332101
MFM_t_8_mxi_466,maximin,20260712,1.178825992043e+08,4.888429658903e-02,2.962486138867e-02,1.650110559090e+00,second_order,-5.783006975755e+09,1.843674774007e+12,2.411722019392e+14,-61.9453887000325,38.40432708161412,125.93018407892696
MFM_t_8_mxi_467,maximin,20260712,7.071553314257e+07,7.997964272315e-02,5.050151011653e-02,1.583707943358e+00,second_order,-1.948989465156e+09,1.557850733434e+11,2.327740363793e+13,-87.17483191094368,-88.30524312127335,-78.19372196915617
MFM_t_8_mxi_468,maximin,20260712,2.578392133082e+08,6.375939311920e-02,3.829609705925e-02,1.664905774094e+00,second_order,-9.854611228678e+09,1.961877069225e+12,1.137015439709e+14,-35.152525080487806,47.27775170063939,6.51563717894732
MFM_t_8_mxi_469,maximin,20260712,1.750640204729e+08,2.377843016772e-02,1.455425041574e-02,1.633779101534e+00,second_order,-1.732862404508e+10,2.165125864075e+13,1.591123261110e+16,14.029613860650358,1525.3560144613712,14805.64701836869
MFM_t_8_mxi_470,maximin,20260712,7.817535322244e+07,1.041884468146e-01,6.766382162137e-02,1.539795481810e+00,second_order,-1.539694324541e+09,4.172102552714e+10,9.223006845395e+12,-89.86816559502347,-96.86801026696874,-91.35988468991705
MFM_t_8_mxi_471,maximin,20260712,2.583758385780e+08,5.923764653693e-02,3.752369659111e-02,1.578672996492e+00,second_order,-9.543374652300e+09,1.329924868912e+12,3.960229310390e+14,-37.20059228601822,-0.16278405175469413,270.9943890286075
MFM_t_8_mxi_472,maximin,20260712,2.968420121400e+08,1.199373252449e-01,7.607501486942e-02,1.576566569863e+00,second_order,-5.398163459656e+09,1.799450690899e+11,1.357801880563e+13,-64.47782043975874,-86.49155667248523,-87.28010830636075
MFM_t_8_mxi_473,maximin,20260712,6.363766266650e+07,9.461454583226e-02,5.726248806473e-02,1.652295403673e+00,second_order,-1.616889627490e+09,1.388987801839e+11,4.660533498700e+12,-89.36018812582391,-89.57289405114098,-95.6340109564835
MFM_t_8_mxi_474,maximin,20260712,1.245896021495e+08,6.926475696460e-02,4.432339602725e-02,1.562713220847e+00,second_order,-3.839312577415e+09,3.315344925610e+11,9.769899291718e+13,-74.73571302868268,-75.11176646002352,-8.47555698119412
MFM_t_8_mxi_475,maximin,20260712,2.493270602879e+08,8.534562822130e-02,5.690734215103e-02,1.499729648150e+00,second_order,-5.517909916640e+09,2.551137059738e+10,1.005014228940e+14,-63.68983853100798,-98.08486608905208,-5.850239820094161
MFM_t_8_mxi_476,maximin,20260712,1.321188779541e+08,4.116496315872e-02,2.570544964709e-02,1.601409962629e+00,second_order,-7.252363803065e+09,2.505290794888e+12,1.047187260764e+15,-52.27640452645981,88.07172040252651,881.0053094309886
MFM_t_8_mxi_477,maximin,20260712,2.477173061123e+08,2.463809795203e-02,1.422715527684e-02,1.731765590001e+00,second_order,-2.611522334751e+10,4.298900016544e+13,5.253349600797e+13,71.84912238007169,3127.176356531594,-50.78660671521998
MFM_t_8_mxi_478,maximin,20260712,2.930646391726e+08,1.327128297346e-01,8.865946151935e-02,1.496882875897e+00,second_order,-4.142918827000e+09,2.807124512347e+09,1.319595426507e+13,-72.73785657361766,-99.7892696777961,-87.63802647140912
MFM_t_8_mxi_479,maximin,20260712,2.250688078738e+08,2.020007802515e-02,1.248695222839e-02,1.617694827023e+00,second_order,-2.571605357262e+10,4.086164486544e+13,5.431100228888e+16,69.22241784905192,2967.4761844019476,50778.56165003253
MFM_t_8_mxi_480,maximin,20260712,5.116591433462e+08,1.163755228787e-01,6.980211561059e-02,1.667220568614e+00,second_order,-1.074017846019e+10,6.475358492756e+11,1.074272750059e+13,-29.325121289265876,-51.38960257864296,-89.93620996863507
MFM_t_8_mxi_481,maximin,20260712,1.179106618759e+08,1.225514300702e-01,7.928492452072e-02,1.545709109406e+00,second_order,-1.995433172628e+09,4.341731603006e+10,5.955486233527e+12,-86.8692128372358,-96.7406700500815,-94.42089888386275
MFM_t_8_mxi_482,maximin,20260712,2.854934520646e+08,1.477185568113e-01,9.646992970020e-02,1.531239395223e+00,second_order,-3.902850395893e+09,4.375374526461e+10,6.191607882047e+12,-74.31760753526633,-96.71541436915831,-94.19970005959446
MFM_t_8_mxi_483,maximin,20260712,6.463354295912e+07,7.013327381347e-02,4.225036753602e-02,1.659944703527e+00,second_order,-2.233951445695e+09,3.604663522438e+11,1.905208448293e+13,-85.29966256562832,-72.9398570608865,-82.15200209765136
MFM_t_8_mxi_484,maximin,20260712,3.216348970866e+08,2.124402527388e-02,1.277893545665e-02,1.662425273682e+00,second_order,-3.679751428450e+10,6.535263170845e+13,3.585687467885e+16,142.14307691005877,4806.0100740881735,33490.72990812561
MFM_t_8_mxi_485,maximin,20260712,3.687095979229e+08,9.417871395530e-02,6.113166584518e-02,1.540588051270e+00,second_order,-8.045328918965e+09,2.708411060718e+11,7.173057255932e+13,-47.05836149339421,-79.66800785019299,-32.80278020391594
MFM_t_8_mxi_486,maximin,20260712,4.315080245914e+08,1.302351096077e-01,8.506279890095e-02,1.531046606629e+00,second_order,-6.688375859636e+09,9.601155417621e+10,1.758855456160e+13,-55.98768173138773,-92.79243024031969,-83.52303732423384
MFM_t_8_mxi_487,maximin,20260712,5.324605027641e+08,1.344334704305e-01,8.246189625973e-02,1.630249564078e+00,second_order,-9.283435889130e+09,3.565091256503e+11,8.696838073804e+12,-38.9110983662806,-73.2369253353482,-91.85279973761442
MFM_t_8_mxi_488,maximin,20260712,1.265239522293e+08,9.212150057600e-02,5.342474561434e-02,1.724322680748e+00,second_order,-3.544274464459e+09,4.091812618020e+11,9.971123235712e+11,-76.67718755124292,-69.28283773659933,-99.06590490529004
MFM_t_8_mxi_489,maximin,20260712,4.180355884513e+08,6.458117380752e-02,4.029396471092e-02,1.602750542689e+00,second_order,-1.465315943730e+10,2.075448611169e+12,3.447563890084e+14,-3.576065351347435,55.80354652084934,222.9678785728813
MFM_t_8_mxi_490,maximin,20260712,3.246846152769e+08,1.187299748607e-01,7.895300494296e-02,1.503805649278e+00,second_order,-5.214175748628e+09,2.364710206434e+10,2.456133232916e+13,-65.68853674297176,-98.22481638584658,-76.99093722356207
MFM_t_8_mxi_491,maximin,20260712,1.434892783658e+08,1.279321605661e-01,8.515540550293e-02,1.502337518218e+00,second_order,-2.131380908559e+09,6.921486827264e+09,7.533965450285e+12,-85.97461971817954,-99.48040525355255,-92.94217912619847
MFM_t_8_mxi_492,maximin,20260712,3.595821241775e+08,1.487461873211e-01,9.083642346545e-02,1.637516996447e+00,second_order,-5.714856297159e+09,1.858254778666e+11,3.275331515146e+12,-62.393848747663895,-86.0501154643186,-96.93166854974852
MFM_t_8_mxi_493,maximin,20260712,2.249348800936e+08,1.080713199078e-01,6.280393851573e-02,1.720772971598e+00,second_order,-5.354178949228e+09,4.448165689090e+11,1.165496582647e+12,-64.76725696552712,-66.6077017690058,-98.90816248579436
MFM_t_8_mxi_494,maximin,20260712,1.660898841506e+08,1.445094527652e-01,8.642120109999e-02,1.672152792669e+00,second_order,-2.822059296081e+09,1.123976812771e+11,1.088882614290e+12,-81.42966625700781,-91.56232668472161,-98.97993447209599
MFM_t_8_mxi_495,maximin,20260712,3.689152468680e+08,4.569094721798e-02,2.927272326847e-02,1.560871081209e+00,second_order,-1.718231210816e+10,3.335171634311e+12,2.344839934834e+15,13.066819952329144,150.37072278494415,2096.646685865649
MFM_t_8_mxi_496,maximin,20260712,3.024810251050e+08,1.097836331701e-01,6.647996051722e-02,1.651379337713e+00,second_order,-6.616755072138e+09,4.205406609990e+11,1.065810192519e+13,-56.45897655096179,-68.43008972264496,-90.01548723058389
MFM_t_8_mxi_497,maximin,20260712,5.108438891847e+08,1.337849101733e-01,7.848410236931e-02,1.704611585461e+00,second_order,-9.678821729664e+09,5.009021821054e+11,2.227147739389e+12,-36.30929371030957,-62.397365074678405,-97.9136073946948
MFM_t_8_mxi_498,maximin,20260712,4.202373111983e+08,1.043792589750e-01,6.848559213431e-02,1.524105373438e+00,second_order,-8.017166083500e+09,1.479608826981e+11,5.395987899572e+13,-47.243684762278136,-88.89260367774907,-49.450370746073546
MFM_t_8_mxi_499,maximin,20260712,3.020435097867e+08,7.280226125640e-02,4.462357428991e-02,1.631475344925e+00,second_order,-9.738427059471e+09,1.283159467462e+12,1.045666472280e+14,-35.91706564163848,-3.673454159976408,-2.0419365632606934
MFM_t_8_mxi_500,maximin,20260712,2.944137967087e+08,1.217823333089e-01,7.109724007408e-02,1.712898182573e+00,second_order,-6.174979811108e+09,3.951587151923e+11,1.429399243916e+12,-59.366043049570585,-70.33550773829819,-98.66093840126055
MFM_t_8_mxi_501,maximin,20260712,4.395843056406e+08,8.918220350203e-02,5.947014223327e-02,1.499613085710e+00,second_order,-9.307468619749e+09,3.837912298812e+10,1.423104868736e+14,-38.752952919453854,-97.11888627753548,33.31650263665049
MFM_t_8_mxi_502,maximin,20260712,2.580638422288e+08,3.994808281148e-02,2.580767682048e-02,1.547914718917e+00,second_order,-1.344985876232e+10,2.854153750218e+12,3.492730595980e+15,-11.494288458345181,114.26079846384437,3171.990968041991
MFM_t_8_mxi_503,maximin,20260712,4.598577361573e+08,5.986003323580e-02,3.834153419210e-02,1.561232081530e+00,second_order,-1.635788698065e+10,1.858048063189e+12,7.554882966746e+14,7.641756848506187,39.483327263875424,607.7416408886047
MFM_t_8_mxi_504,maximin,20260712,1.177977513713e+08,8.090966635238e-02,5.296404316178e-02,1.527633872385e+00,second_order,-2.919556796380e+09,9.940276440220e+10,5.294197580375e+13,-80.78809181448129,-92.5378527107371,-50.40394273192905
MFM_t_8_mxi_505,maximin,20260712,2.243749878602e+08,6.913889615298e-02,4.287537822641e-02,1.612554781158e+00,second_order,-7.441451838153e+09,9.791281724568e+11,1.208320994623e+14,-51.032125951850446,-26.49702770461646,13.195543494033934
MFM_t_8_mxi_506,maximin,20260712,6.264346700153e+07,1.295348643551e-01,7.504816423234e-02,1.726023090373e+00,second_order,-1.249844356459e+09,7.331260891425e+10,7.001202427211e+10,-91.7754999483991,-94.496435897248,-99.9344127167047
MFM_t_8_mxi_507,maximin,20260712,4.322492409857e+08,7.588193599362e-02,4.810371394177e-02,1.577465226188e+00,second_order,-1.244108482313e+10,1.044840793737e+12,1.937792953022e+14,-18.132444059117347,-21.563993279413395,81.53249630879085
MFM_t_8_mxi_508,maximin,20260712,3.774317035990e+08,1.378774433136e-01,9.088424976050e-02,1.517066418845e+00,second_order,-5.373056641087e+09,4.405651436985e+10,1.255034130682e+13,-64.64303383577015,-96.6926855479678,-88.24283686551057
MFM_t_8_mxi_509,maximin,20260712,2.167394061165e+08,7.111651461291e-02,4.107141101791e-02,1.731533269746e+00,second_order,-7.914518878371e+09,1.562783780246e+12,4.162904440403e+11,-47.91914642237792,17.317891706526932,-99.61001899930393
MFM_t_8_mxi_510,maximin,20260712,4.289684502200e+08,1.036093427628e-01,6.348870521256e-02,1.631933466211e+00,second_order,-9.723605361618e+09,6.340365699671e+11,2.531533895658e+13,-36.01459862974764,-52.402991000028706,-76.28458361083237
MFM_t_8_mxi_511,maximin,20260712,1.906996118855e+08,2.821908394685e-02,1.675561785465e-02,1.684156573135e+00,second_order,-1.679575537235e+10,1.830244613677e+13,3.502824208678e+15,10.523114508378285,1273.9612740926518,3181.446667150529
MFM_t_8_mxi_512,maximin,20260712,1.140754644721e+08,7.161893546739e-02,4.339481520605e-02,1.650403052239e+00,second_order,-3.821016372185e+09,5.682516280693e+11,3.444769576408e+13,-74.85610973254472,-57.34145452072854,-67.72938928079482
MFM_t_8_mxi_513,maximin,20260712,2.333801697516e+08,1.354811046833e-01,8.092073189925e-02,1.674244677520e+00,second_order,-4.238752638749e+09,1.935439414314e+11,2.036825509868e+12,-72.10722989950298,-85.47069182038148,-98.09190131084368
MFM_t_8_mxi_514,maximin,20260712,3.731832633122e+08,9.424674045042e-02,5.450579039604e-02,1.729114278788e+00,second_order,-1.026122022146e+10,1.146380648412e+12,9.956366598179e+11,-32.476867375722506,-13.941415015398528,-99.06728730749369
MFM_t_8_mxi_515,maximin,20260712,1.648010403339e+08,1.002045199412e-01,5.995655094930e-02,1.671285595229e+00,second_order,-4.034622753941e+09,3.331376860217e+11,6.839925052320e+12,-73.45049015383829,-74.99141502101803,-93.59235635893765
MFM_t_8_mxi_516,maximin,20260712,4.896105856872e+08,8.427616719426e-02,4.963256896077e-02,1.698001311616e+00,second_order,-1.463462461512e+10,1.870384499744e+12,2.676712000331e+13,-3.6980322548166744,40.40942129306744,-74.92455473315643
MFM_t_8_mxi_517,maximin,20260712,3.908041902681e+08,4.149863652668e-02,2.491794021380e-02,1.665411995157e+00,second_order,-2.296106851319e+10,1.081168922419e+13,1.463998161207e+15,51.09346071423209,711.6315267672443,1271.4738738260294
MFM_t_8_mxi_518,maximin,20260712,1.571591419514e+08,1.224533346515e-01,7.084600792819e-02,1.728443679926e+00,second_order,-3.323975672294e+09,2.195887626027e+11,1.391266930343e+11,-78.12684599724487,-83.51551187270536,-99.86966607629408
MFM_t_8_mxi_519,maximin,20260712,2.926739850865e+08,4.062790675952e-02,2.481440332388e-02,1.637271153742e+00,second_order,-1.702505078882e+10,7.411719864149e+12,1.758468051131e+15,12.031974515501265,456.39645059822243,1547.3333464405514
MFM_t_8_mxi_520,maximin,20260712,3.621905701630e+08,4.187387159818e-02,2.570881954978e-02,1.628774573531e+00,second_order,-2.023737498527e+10,7.949683633198e+12,2.048548126732e+15,33.17041498045086,496.7812920568348,1819.0804398086548
MFM_t_8_mxi_521,maximin,20260712,4.750350931846e+08,3.856817159361e-02,2.562513889003e-02,1.505091221520e+00,second_order,-2.355321705125e+10,1.160132145430e+12,9.864796089320e+15,54.99004644241641,-12.909092656827337,9141.343647569383
MFM_t_8_mxi_522,maximin,20260712,2.481560753462e+08,1.261717594010e-01,7.895737042321e-02,1.597973168619e+00,second_order,-4.423649278961e+09,1.588026944538e+11,7.480016078798e+12,-70.89053246105333,-88.07871085806703,-92.99271891201538
MFM_t_8_mxi_523,maximin,20260712,5.143487318447e+08,1.017796471321e-01,6.663839002567e-02,1.527342528728e+00,second_order,-1.012811252127e+10,2.161750388940e+11,7.351290277697e+13,-33.35277186848887,-83.77177948530513,-31.133092773419225
MFM_t_8_mxi_524,maximin,20260712,1.596396530492e+08,6.784475388386e-02,3.981954564032e-02,1.703805324568e+00,second_order,-5.959895766372e+09,1.196456719071e+12,2.136767750964e+13,-60.78138627041889,-10.18221357696526,-79.98275392323548
MFM_t_8_mxi_525,maximin,20260712,6.550704998024e+07,3.490566736066e-02,2.166813626271e-02,1.610921536465e+00,second_order,-4.294215685954e+09,2.194718644775e+12,1.091374071986e+15,-71.74225978763094,64.7571260647962,922.3995261482372
MFM_t_8_mxi_526,maximin,20260712,2.862820520783e+08,7.961285727158e-02,4.698419565475e-02,1.694460364004e+00,second_order,-9.027660966507e+09,1.278555938019e+12,2.299832572110e+13,-40.59420462942439,-4.0190402707924955,-78.45516223720854
MFM_t_8_mxi_527,maximin,20260712,5.622987512871e+08,3.473878459638e-02,2.137609838434e-02,1.625122787694e+00,second_order,-3.770428288670e+10,2.111012450845e+13,8.397119683547e+15,148.10999461228596,1484.7331744150767,7766.423993237964
MFM_t_8_mxi_528,maximin,20260712,2.048615318292e+08,1.483151578146e-01,9.772752117992e-02,1.517639617007e+00,second_order,-2.714385854935e+09,1.969927002657e+10,4.714040408210e+12,-82.13820265810837,-98.52117941273298,-95.58388566916645
MFM_t_8_mxi_529,maximin,20260712,5.105459507365e+08,2.101885967772e-02,1.312183440680e-02,1.601823268462e+00,second_order,-5.491734712649e+10,7.297131398326e+13,1.161958361853e+17,261.3791764882184,5377.943154889601,108752.29080077763
MFM_t_8_mxi_530,maximin,20260712,1.545554922528e+08,1.345535710224e-01,8.551717336573e-02,1.573409944771e+00,second_order,-2.493334855593e+09,6.405016084822e+10,4.068988253798e+12,-83.5928109428115,-95.19176617446446,-96.18817070208061
MFM_t_8_mxi_531,maximin,20260712,1.574611200314e+08,5.982146633077e-02,3.849020417814e-02,1.554199766099e+00,second_order,-5.539776413347e+09,5.752311595604e+11,2.718359905216e+14,-63.54594781184309,-56.817502372014616,154.6560295257644
MFM_t_8_mxi_532,maximin,20260712,2.334973558156e+08,4.425532749601e-02,2.741099616855e-02,1.614510002624e+00,second_order,-1.212852727581e+10,3.940969833092e+12,1.149679347073e+15,-20.189203807462786,195.84788244001237,977.0199236370792
MFM_t_8_mxi_533,maximin,20260712,4.417492585510e+08,1.155297551887e-01,6.689652822323e-02,1.726991792506e+00,second_order,-9.890505245401e+09,7.312240361768e+11,7.340457728253e+11,-34.91632739646029,-45.10714573970321,-99.31234572125942
MFM_t_8_mxi_534,maximin,20260712,1.793781349418e+08,7.181286981045e-02,4.409858494419e-02,1.628461999435e+00,second_order,-5.842032062989e+09,7.789997666831e+11,6.860775042003e+13,-61.55697887084612,-41.5206304145595,-35.72824082957049
MFM_t_8_mxi_535,maximin,20260712,4.595385205528e+08,2.210861185887e-02,1.418708911718e-02,1.558361385924e+00,second_order,-4.405103270175e+10,3.539347964304e+13,1.119681701793e+17,189.87427022918274,2556.982024234801,104791.81214163019
MFM_t_8_mxi_536,maximin,20260712,1.690617909124e+08,1.062724968811e-01,6.834282485050e-02,1.554991282750e+00,second_order,-3.352586440119e+09,1.115121419921e+11,1.641059136904e+13,-77.9385751455688,-91.62880395640354,-84.62655356198157
MFM_t_8_mxi_537,maximin,20260712,4.877164740296e+08,1.008223069301e-01,6.270305880028e-02,1.607932832293e+00,second_order,-1.102589677285e+10,6.629013697730e+11,4.149242467259e+13,-27.444974961387825,-50.23611577354914,-61.12988533179885
MFM_t_8_mxi_538,maximin,20260712,4.442581179104e+08,9.772211236606e-02,5.786865398810e-02,1.688688186633e+00,second_order,-1.134944955457e+10,1.047061322625e+12,1.480804719415e+13,-25.315861959276965,-21.397298583124314,-86.12781737893998
MFM_t_8_mxi_539,maximin,20260712,1.283029690609e+08,2.303526453579e-02,1.471268444005e-02,1.565673798663e+00,second_order,-1.194509001170e+10,9.649494597362e+12,2.423928483794e+16,-21.39629793909733,624.3857893238646,22607.368599462116
MFM_t_8_mxi_540,maximin,20260712,6.548027637919e+07,1.015860558864e-01,5.985041332637e-02,1.697332570327e+00,second_order,-1.622689012455e+09,1.424354707053e+11,1.434727919364e+12,-89.32202574048577,-89.30739534246881,-98.655946496658
MFM_t_8_mxi_541,maximin,20260712,9.309461844449e+07,2.429417663846e-02,1.475250387960e-02,1.646783273994e+00,second_order,-9.155454430515e+09,1.164712508100e+13,6.548806166505e+15,-39.7532700395321,774.3475432858935,6034.923390004499
MFM_t_8_mxi_542,maximin,20260712,4.875941041828e+08,4.818411620824e-02,2.929556132702e-02,1.644758250930e+00,second_order,-2.412232207909e+10,7.730735134237e+12,1.145347493811e+15,58.734996208879565,480.3448684036729,972.9618423283
MFM_t_8_mxi_543,maximin,20260712,3.516509067748e+08,5.376622165786e-02,3.365523850749e-02,1.597558776649e+00,second_order,-1.470191766379e+10,2.897810079258e+12,7.568611645904e+14,-3.2552157717892882,117.5380710765746,609.0277439238581
MFM_t_8_mxi_544,maximin,20260712,1.947399482706e+08,1.403230251176e-01,8.532769917371e-02,1.644519030473e+00,second_order,-3.307294690761e+09,1.248405002374e+11,2.190037127596e+12,-78.23661385175404,-90.6282465478785,-97.94837262587093
MFM_t_8_mxi_545,maximin,20260712,5.101042816592e+08,1.251573904164e-01,7.824378140563e-02,1.599582588776e+00,second_order,-9.186968930392e+09,3.389988440684e+11,1.579950411503e+13,-39.545891413125446,-74.55141896162117,-85.19902026700245
MFM_t_8_mxi_546,maximin,20260712,4.383491712188e+08,2.126627890893e-02,1.231938445577e-02,1.726245250749e+00,second_order,-5.328198210296e+10,1.160250119098e+14,3.955985998142e+15,250.6177887594976,8609.976360478837,3605.9687542231854
MFM_t_8_mxi_547,maximin,20260712,8.165727820211e+07,1.028717502396e-01,6.470510285915e-02,1.589855292611e+00,second_order,-1.765267347083e+09,8.970116742239e+10,7.286241079908e+12,-88.38380050112283,-93.26614981635369,-93.17424738344405
MFM_t_8_mxi_548,maximin,20260712,1.001132742517e+08,1.489604158466e-01,9.646461026277e-02,1.544197560544e+00,second_order,-1.390136045324e+09,1.995744609861e+10,1.923987643570e+12,-90.85232179717848,-98.50179818236467,-98.19760785454478
MFM_t_8_mxi_549,maximin,20260712,3.255116077278e+08,9.290603901503e-02,6.136256367437e-02,1.514050806418e+00,second_order,-6.833283355371e+09,1.074931508626e+11,7.926426235203e+13,-55.034129635088,-91.9305088832527,-25.7452175662053
MFM_t_8_mxi_550,maximin,20260712,5.338185578657e+08,7.237724210545e-02,4.283592045203e-02,1.689639007209e+00,second_order,-1.843009036519e+10,3.109317839752e+12,7.805826164950e+13,21.277724203162805,133.41591985794548,-26.874999350884654
MFM_t_8_mxi_551,maximin,20260712,2.161580093349e+08,4.487011740313e-02,2.737229213259e-02,1.639253197569e+00,second_order,-1.141147896563e+10,4.111550125175e+12,7.730583603604e+14,-24.907682419298805,208.65331367549075,624.2012813069147
MFM_t_8_mxi_552,maximin,20260712,4.056208232486e+08,9.641158941753e-02,5.642655064666e-02,1.708621000445e+00,second_order,-1.070406264683e+10,1.079455662074e+12,7.758185784315e+12,-29.562778488186602,-18.96546146309481,-92.73212945656694
MFM_t_8_mxi_553,maximin,20260712,5.185868729003e+08,8.891454841030e-02,5.444272567978e-02,1.633175916527e+00,second_order,-1.371795849694e+10,1.222162620850e+12,6.489093714591e+13,-9.730079763221378,-8.252476245897855,-39.210152511168985
MFM_t_8_mxi_554,maximin,20260712,4.110565155199e+08,8.558648261414e-02,5.249989522894e-02,1.630221969795e+00,second_order,-1.125669176069e+10,1.066389624692e+12,6.421126249537e+13,-25.926247145728354,-19.946326492531973,-39.846871907830604
MFM_t_8_mxi_555,maximin,20260712,7.696509397760e+07,1.318361403209e-01,8.168542924083e-02,1.613949287482e+00,second_order,-1.341036019213e+09,4.893794668640e+10,1.623539848117e+12,-91.17542056159392,-96.32623731941273,-98.47906743067753
MFM_t_8_mxi_556,maximin,20260712,4.232724522260e+08,2.290321712207e-02,1.453810240501e-02,1.575392474480e+00,second_order,-4.023715484145e+10,3.637252248259e+13,7.689216642496e+16,164.7773543638305,2630.4785906045245,71932.60232702225
MFM_t_8_mxi_557,maximin,20260712,5.086274225436e+08,1.024402627539e-01,6.498054575059e-02,1.576475875519e+00,second_order,-1.082791129189e+10,4.943485665671e+11,5.121684579090e+13,-28.74780246143357,-62.88934379094552,-52.020044995081015
MFM_t_8_mxi_558,maximin,20260712,3.535729807048e+08,1.382951114455e-01,9.246200588952e-02,1.495696639014e+00,second_order,-4.782883855273e+09,6.801181674112e+08,1.304006617819e+13,-68.52661828554312,-99.9489436539331,-87.78406247340817
MFM_t_8_mxi_559,maximin,20260712,1.118671970079e+08,1.414218014368e-01,8.183731714935e-02,1.728084526265e+00,second_order,-2.048041577288e+09,1.013413363591e+11,5.300455515595e+10,-86.52302747055012,-92.39232446954362,-99.95034531837784
MFM_t_8_mxi_560,maximin,20260712,7.829011299086e+07,2.058161959154e-02,1.351784200917e-02,1.522552163103e+00,second_order,-7.551077567049e+09,3.410031146410e+12,3.403139215457e+16,-50.31074267856324,155.99041262601193,31780.61738509354
MFM_t_8_mxi_561,maximin,20260712,4.086751414047e+08,5.083384597036e-02,2.936351936641e-02,1.731190506697e+00,second_order,-2.087147823190e+10,8.058876744014e+12,6.993196504893e+12,37.343080286876805,504.9783988554438,-93.4487716206659
MFM_t_8_mxi_562,maximin,20260712,2.756589444358e+08,1.442053853121e-01,8.627084160674e-02,1.671542581785e+00,second_order,-4.690685027442e+09,1.871893054664e+11,1.845451754122e+12,-69.1333252409611,-85.94773317658169,-98.27118029704486
MFM_t_8_mxi_563,maximin,20260712,3.584559911135e+08,3.282356259975e-02,2.105340438219e-02,1.559061993200e+00,second_order,-2.317115516219e+10,8.521735700452e+12,1.205239691917e+16,52.47591897522423,539.7251358085504,11190.68869731033
MFM_t_8_mxi_564,maximin,20260712,1.050811692481e+08,7.544299256946e-02,4.658151984514e-02,1.619590619204e+00,second_order,-3.222398751091e+09,3.710688131096e+11,3.427728886288e+13,-78.79526474023332,-72.14393226860281,-67.8890265119801
MFM_t_8_mxi_565,maximin,20260712,4.439607243136e+08,4.820634983386e-02,2.992422290047e-02,1.610947425241e+00,second_order,-2.107398157125e+10,5.647995788475e+12,1.471935022104e+15,38.675637189923506,323.994007774337,1278.9091272634057
MFM_t_8_mxi_566,maximin,20260712,2.826894988289e+08,1.001843112763e-01,5.930273149592e-02,1.689370940412e+00,second_order,-7.049074976608e+09,6.201434440420e+11,8.187069985978e+12,-53.61413026410475,-53.445945414675535,-92.3303506203199
MFM_t_8_mxi_567,maximin,20260712,5.510669432446e+08,7.357790290050e-02,4.262420886317e-02,1.726199848933e+00,second_order,-1.935937368148e+10,3.521259361715e+12,1.010993856561e+13,27.392798166798116,164.34029434529117,-90.52900681426483
MFM_t_8_mxi_568,maximin,20260712,3.967087134712e+08,1.456237502030e-01,9.342938061508e-02,1.558650493499e+00,second_order,-5.776203871690e+09,1.073662599119e+11,7.781448223967e+12,-61.99015597800954,-91.94003456364491,-92.71033719680216
MFM_t_8_mxi_569,maximin,20260712,4.789649934700e+08,1.301954616949e-01,8.047662628154e-02,1.617804668394e+00,second_order,-8.491999312508e+09,3.250201912280e+11,1.038043909193e+13,-44.1190829698259,-75.60079386611052,-90.27560184796472
MFM_t_8_mxi_570,maximin,20260712,2.659663757541e+08,1.347765716427e-01,7.784043587281e-02,1.731446774821e+00,second_order,-5.124327234574e+09,2.816602012579e+11,2.438904945169e+10,-66.27977764801291,-78.8558203592237,-99.97715233186982
MFM_t_8_mxi_571,maximin,20260712,2.866918552022e+08,1.334615021761e-01,8.450061650346e-02,1.579414538007e+00,second_order,-4.705298986943e+09,1.300568966610e+11,7.529096568468e+12,-69.0371592583338,-90.23665262525287,-92.94674029600297
MFM_t_8_mxi_572,maximin,20260712,2.079607130976e+08,7.159205136007e-02,4.645304009338e-02,1.541170421057e+00,second_order,-5.975691772805e+09,3.519174510540e+11,1.588113635447e+14,-60.677441923227235,-73.58162150499716,48.774528370085335
MFM_t_8_mxi_573,maximin,20260712,2.044811665418e+08,1.289256370935e-01,8.226753845816e-02,1.567150780366e+00,second_order,-3.409393363362e+09,8.937402076262e+10,6.963227121288e+12,-77.56476176574365,-93.29070865609096,-93.47684694734187
MFM_t_8_mxi_574,maximin,20260712,3.897484296448e+08,2.788909965379e-02,1.820758501192e-02,1.531729750845e+00,second_order,-2.824744678749e+10,8.989981412083e+12,3.513367579664e+16,85.88004687200095,574.876255485851,32813.236999450455
MFM_t_8_mxi_575,maximin,20260712,9.438673673307e+07,1.223537897882e-01,7.164743917667e-02,1.707720348337e+00,second_order,-1.961054834389e+09,1.224667724881e+11,5.696741165454e+11,-87.09543672116138,-90.80644185458262,-99.4663291333694
MFM_t_8_mxi_576,maximin,20260712,3.325877798036e+08,1.245455226129e-01,8.074477015013e-02,1.542459311994e+00,second_order,-5.506322672380e+09,1.096892748321e+11,1.581346742102e+13,-63.76608745794179,-91.7656462597186,-85.18593943817017
MFM_t_8_mxi_577,maximin,20260712,2.948987381483e+08,1.354133608456e-01,8.803925852536e-02,1.538102013962e+00,second_order,-4.454967022636e+09,6.913572066862e+10,9.479136698608e+12,-70.6844485729756,-94.80999413164045,-91.11994217407475
MFM_t_8_mxi_578,maximin,20260712,4.714299633647e+08,1.471812929454e-01,8.907816243273e-02,1.652271319096e+00,second_order,-7.699758329860e+09,2.733136441494e+11,3.791415806782e+12,-49.33236090239106,-79.48239487026912,-96.44820064560359
MFM_t_8_mxi_579,maximin,20260712,2.957692611649e+08,4.112760850436e-02,2.737369347669e-02,1.502450100107e+00,second_order,-1.366953163644e+10,4.362395641523e+11,4.519806207302e+15,-10.048748815590047,-67.25157594272835,4134.155678830076
MFM_t_8_mxi_580,maximin,20260712,4.196880848781e+08,5.380332950070e-02,3.292810790428e-02,1.633963592961e+00,second_order,-1.836379314848e+10,4.485654652288e+12,6.418639177094e+14,20.841460712085258,236.73727190025284,501.29829190789116
MFM_t_8_mxi_581,maximin,20260712,4.524208059729e+08,6.190217327905e-02,3.686850998707e-02,1.678998508504e+00,second_order,-1.807124057440e+10,4.020111043754e+12,1.816118846669e+14,18.916342077766846,201.78899860677117,70.13406273106764
MFM_t_8_mxi_582,maximin,20260712,2.549092060844e+08,1.137069432198e-01,6.928659885738e-02,1.641110187178e+00,second_order,-5.321765341706e+09,3.011880551905e+11,8.540157786068e+12,-64.9805520973246,-77.3898679466865,-91.99957787358989
MFM_t_8_mxi_583,maximin,20260712,2.882032082650e+08,1.069731363826e-01,7.031271885726e-02,1.521390981904e+00,second_order,-5.335574794107e+09,8.575378763546e+10,3.325191776398e+13,-64.88968010882647,-93.56247889285248,-68.84959443506973
MFM_t_8_mxi_584,maximin,20260712,6.818823723062e+07,1.143980430003e-01,6.901013887737e-02,1.657699069460e+00,second_order,-1.441382226347e+09,8.662422018068e+10,1.796832839828e+12,-90.51510043334233,-93.49713568135468,-98.31672650912006
MFM_t_8_mxi_585,maximin,20260712,7.493484916822e+07,1.478482579859e-01,9.716677808136e-02,1.521592677098e+00,second_order,-1.004160708304e+09,8.507841999123e+09,1.712330773772e+12,-93.39220139325184,-99.36131786180155,-98.39588806748196
MFM_t_8_mxi_586,maximin,20260712,4.070360997113e+08,1.096017683434e-01,6.497138579484e-02,1.686923666512e+00,second_order,-9.255408828167e+09,6.748397728428e+11,7.961563166685e+12,-39.09552818199739,-49.33990204507596,-92.54160546969416
MFM_t_8_mxi_587,maximin,20260712,5.618731261638e+08,8.476900006795e-02,5.034710196394e-02,1.683691747117e+00,second_order,-1.646619840973e+10,1.985309421715e+12,4.261013674718e+13,8.35449147778531,49.036814103640694,-60.08281235767963
MFM_t_8_mxi_588,maximin,20260712,3.771093484762e+08,7.234054756999e-02,4.311227251920e-02,1.677957188125e+00,second_order,-1.287596734668e+10,2.089705766348e+12,7.084714658167e+13,-15.270734663948637,56.87382854480902,-33.63037389898403
MFM_t_8_mxi_589,maximin,20260712,3.458384973258e+08,2.049310566072e-02,1.256065046537e-02,1.631532197893e+00,second_order,-3.961495177974e+10,6.589460475262e+13,6.770534252046e+16,160.68299726512882,4846.69589109466,63326.383205767015
MFM_t_8_mxi_590,maximin,20260712,2.059247643216e+08,1.265844523498e-01,7.790958127643e-02,1.624761040631e+00,second_order,-3.787690672449e+09,1.594043255598e+11,4.803990173561e+12,-75.0754068136428,-88.03354652130263,-95.49962070462989
MFM_t_8_mxi_591,maximin,20260712,1.414478717053e+08,9.520436178829e-02,6.016786213223e-02,1.582312523903e+00,second_order,-3.268339938192e+09,1.821629827387e+11,1.968550774072e+13,-78.49295246132422,-86.32505830172316,-81.55861101824145
MFM_t_8_mxi_592,maximin,20260712,5.169425488034e+08,4.893391209092e-02,3.061633038987e-02,1.598294487543e+00,second_order,-2.377063859394e+10,5.686115955116e+12,1.771101431335e+15,56.420771380151244,326.8556816913261,1559.1683004364033
MFM_t_8_mxi_593,maximin,20260712,6.444377183678e+07,1.299648593442e-01,8.196558309999e-02,1.585602815583e+00,second_order,-1.096033169897e+09,3.371244149692e+10,1.845771001576e+12,-92.78764206455826,-97.46921320102534,-98.27088122594351
MFM_t_8_mxi_594,maximin,20260712,3.477747362383e+08,1.249135104135e-01,7.845683755037e-02,1.592130326861e+00,second_order,-6.211455584898e+09,2.178856016561e+11,1.154866369998e+13,-59.126017160052655,-83.64336785253936,-89.18120871882289
MFM_t_8_mxi_595,maximin,20260712,1.422818143124e+08,4.684619430052e-02,3.014888605145e-02,1.553828364357e+00,second_order,-6.388196979213e+09,1.076102753443e+12,8.360711322521e+14,-57.96298465992437,-19.217163698967532,683.2316630770503
MFM_t_8_mxi_596,maximin,20260712,1.231716087220e+08,5.062863920061e-02,3.365925835349e-02,1.504151953347e+00,second_order,-4.642390577778e+09,1.203601115240e+11,6.596164922336e+14,-69.45112297449565,-90.9645885067124,517.9289085290327
MFM_t_8_mxi_597,maximin,20260712,5.017686906603e+08,6.767270530421e-02,4.052687011110e-02,1.669823135088e+00,second_order,-1.816192755081e+10,3.270169349635e+12,1.519059353586e+14,19.51310041676251,145.49101319831442,42.30552137556156
MFM_t_8_mxi_598,maximin,20260712,3.562129187089e+08,1.490814568136e-01,9.867357285923e-02,1.510854958361e+00,second_order,-4.628061921442e+09,2.373450412614e+10,8.301340446210e+12,-69.54541154264078,-98.21825512910026,-92.22330202223353
MFM_t_8_mxi_599,maximin,20260712,1.611806147745e+08,2.298145128749e-02,1.327910864484e-02,1.730647131682e+00,second_order,-1.819945325382e+10,3.433318933478e+13,2.383269241001e+14,19.760035280889497,2477.3862252930267,123.26472702884112
MFM_t_8_mxi_600,maximin,20260712,4.121192145070e+08,6.044121670880e-02,3.653016243173e-02,1.654556472936e+00,second_order,-1.643208130532e+10,3.492162614185e+12,2.753540450455e+14,8.129986622016316,162.15600684571183,157.9517439563388
MFM_t_8_mxi_601,maximin,20260712,3.698462339362e+08,1.034937534402e-01,6.386129305001e-02,1.620602222369e+00,second_order,-8.278037878577e+09,5.094269695203e+11,2.459444195724e+13,-45.527038940753094,-61.757410847226055,-76.95992011501163
MFM_t_8_mxi_602,maximin,20260712,4.643732382927e+08,1.248321233134e-01,8.046519754746e-02,1.551380312461e+00,second_order,-7.791709333416e+09,1.784887747069e+11,2.063284012673e+13,-48.72728473464034,-86.60088042467487,-80.67114978251774
MFM_t_8_mxi_603,maximin,20260712,1.086555799801e+08,1.281185239031e-01,8.025622228268e-02,1.596368733278e+00,second_order,-1.903278799043e+09,6.550333603378e+10,3.073452719319e+12,-87.47562726507097,-95.08267657985445,-97.12078866034206
MFM_t_8_mxi_604,maximin,20260712,1.999039960945e+08,8.766763078977e-02,5.310097851724e-02,1.650960740042e+00,second_order,-5.473503547618e+09,5.445604318611e+11,2.180890277672e+13,-63.982051063252854,-59.11994827417292,-79.56941397356421
MFM_t_8_mxi_605,maximin,20260712,4.940460388555e+08,3.232026436258e-02,2.034486489696e-02,1.588620250184e+00,second_order,-3.393453731106e+10,1.729863445168e+13,1.453864163113e+16,123.30348768912538,1198.6053150318294,13519.803416675839
MFM_t_8_mxi_606,maximin,20260712,4.980462489895e+08,5.609406179618e-02,3.689634568744e-02,1.520314837447e+00,second_order,-1.754502247912e+10,9.870655712118e+11,1.458394102570e+15,15.453606314375289,-25.901168636112416,1266.223990177475
MFM_t_8_mxi_607,maximin,20260712,2.002235654733e+08,9.308391161283e-02,5.820366390195e-02,1.599279244167e+00,second_order,-4.846536111046e+09,3.226247371575e+11,2.732070836605e+13,-68.10775974673055,-75.78062016376165,-74.40595300504627
MFM_t_8_mxi_608,maximin,20260712,4.522688577012e+08,1.030860770135e-01,6.624936939918e-02,1.556031067894e+00,second_order,-9.262102693524e+09,3.320347639814e+11,5.077285319487e+13,-39.051479740533814,-75.07421117626369,-52.435977379261956
MFM_t_8_mxi_609,maximin,20260712,6.270169375362e+07,6.318631035489e-02,3.756863653815e-02,1.681889900122e+00,second_order,-2.460755413897e+09,5.307025115802e+11,2.145028475417e+13,-83.80719733302493,-60.16025980756776,-79.90536743419219
MFM_t_8_mxi_610,maximin,20260712,8.657060222669e+07,1.138399053812e-01,7.494460740532e-02,1.518987280372e+00,second_order,-1.498610926087e+09,1.947805183260e+10,7.420006594025e+12,-90.13851158727338,-98.53778622197412,-93.04893581359951
MFM_t_8_mxi_611,maximin,20260712,2.002710066543e+08,1.362882214892e-01,8.897807335259e-02,1.531705692808e+00,second_order,-2.970086247546e+09,3.955946213182e+10,6.478889108136e+12,-80.4555868337015,-97.03027843453893,-93.93057492920704
MFM_t_8_mxi_612,maximin,20260712,5.200959013454e+08,7.095106478210e-02,4.313089524322e-02,1.645017205926e+00,second_order,-1.747899508786e+10,2.586513527799e+12,1.759293237979e+14,15.019118387923825,94.169096062684,64.81063817031938
MFM_t_8_mxi_613,maximin,20260712,2.394161052999e+08,1.476671361985e-01,9.432687816774e-02,1.565483127046e+00,second_order,-3.476030428151e+09,6.818463294063e+10,4.183583523313e+12,-77.12626193177361,-94.88139211291345,-96.08081782256995
MFM_t_8_mxi_614,maximin,20260712,2.703841679129e+08,1.283998200362e-01,7.852880377160e-02,1.635066547170e+00,second_order,-4.963929273898e+09,2.140594792262e+11,5.278909499941e+12,-67.33526350034249,-83.93059416148931,-95.05471615108304
MFM_t_8_mxi_615,maximin,20260712,4.747416425412e+08,7.347509952403e-02,4.549188940003e-02,1.615125256239e+00,second_order,-1.486444613861e+10,1.758644590738e+12,1.842609622708e+14,-2.1857102428522124,32.021126821519005,72.61571934769286
MFM_t_8_mxi_616,maximin,20260712,6.556334188400e+07,3.515794507881e-02,2.106094944221e-02,1.669342836385e+00,second_order,-4.565544737098e+09,3.040189803995e+12,5.285852661320e+14,-69.95680083540033,128.2264908944915,395.1788204376814
MFM_t_8_mxi_617,maximin,20260712,3.524597744306e+08,3.209708128496e-02,2.006345917785e-02,1.599778034308e+00,second_order,-2.475876222349e+10,1.391009522963e+13,9.825394331943e+15,62.9230392827296,944.2282972250512,9104.43207058978
MFM_t_8_mxi_618,maximin,20260712,6.954421506991e+07,2.349294542179e-02,1.498201317400e-02,1.568076676274e+00,second_order,-6.372655240035e+09,5.081925360069e+12,1.171268075932e+16,-58.06525582193815,281.4992045536709,10872.442506777783
MFM_t_8_mxi_619,maximin,20260712,2.440212876542e+08,1.110557808503e-01,6.532422214581e-02,1.700070467007e+00,second_order,-5.545934296867e+09,4.108067984467e+11,3.150928018519e+12,-63.505426355658365,-69.16080899886961,-97.04820977907347
MFM_t_8_mxi_620,maximin,20260712,3.000661166907e+08,7.717806323921e-02,4.982963521901e-02,1.548838615816e+00,second_order,-8.107910957495e+09,4.676697903063e+11,1.500100615388e+14,-46.646545432890875,-64.89211463089788,40.52946626782648
MFM_t_8_mxi_621,maximin,20260712,4.684841040264e+08,7.258955709300e-02,4.424219289751e-02,1.640731445233e+00,second_order,-1.531400783671e+10,2.122906302229e+12,1.486730539669e+14,0.7725942773174621,59.366186683100366,39.27695721244853
MFM_t_8_mxi_622,maximin,20260712,8.255842618423e+07,1.376012267559e-01,9.198108749484e-02,1.495973036453e+00,second_order,-1.123171674443e+09,2.891755079049e+08,3.117702188852e+12,-92.60905932272685,-99.97829164766785,-97.0793357453021
MFM_t_8_mxi_623,maximin,20260712,3.916716894870e+08,8.003736174065e-02,5.107616694465e-02,1.567019737941e+00,second_order,-1.051725878411e+10,7.143415258405e+11,1.447782236074e+14,-30.792026250630123,-46.37451269372714,35.62827907706432
MFM_t_8_mxi_624,maximin,20260712,4.184717632092e+08,8.285340238332e-02,5.008410629628e-02,1.654285331422e+00,second_order,-1.216829696339e+10,1.374628622157e+12,5.797274162880e+13,-19.927502583735578,3.193118503905734,-45.69111994483993
MFM_t_8_mxi_625,maximin,20260712,8.061428990770e+07,6.456717767942e-02,4.201248299973e-02,1.536856978433e+00,second_order,-2.548188847976e+09,1.695895437989e+11,1.059375364541e+14,-83.23184866710649,-87.26894405646645,-0.757687165054044
MFM_t_8_mxi_626,maximin,20260712,1.006553326486e+08,4.461745238337e-02,2.605852627781e-02,1.712201676630e+00,second_order,-5.758609097028e+09,2.739955613761e+12,7.674393645704e+13,-62.10593697455338,105.68796530848576,-28.106259547061484
MFM_t_8_mxi_627,maximin,20260712,1.508557101816e+08,9.828139507821e-02,6.080108908413e-02,1.616441359171e+00,second_order,-3.537091546640e+09,2.357044173494e+11,1.350865256199e+13,-76.7244541630156,-82.30571262712098,-87.34509062218503
MFM_t_8_mxi_628,maximin,20260712,1.807317445620e+08,8.943684206758e-02,5.874617346416e-02,1.522428386287e+00,second_order,-4.010427704301e+09,9.551757237854e+10,5.073813946343e+13,-73.60970372789998,-92.82951336325492,-52.4684972122744
MFM_t_8_mxi_629,maximin,20260712,9.691363023264e+07,7.808788565373e-02,4.595450253827e-02,1.699243411213e+00,second_order,-3.130035051735e+09,4.677539039669e+11,7.471423925103e+12,-79.40305661943312,-64.8858002338264,-93.00076804392336
MFM_t_8_mxi_630,maximin,20260712,3.404552041749e+08,3.807642845483e-02,2.238030991999e-02,1.701336066880e+00,second_order,-2.259492502224e+10,1.429326857854e+13,8.907575549382e+14,48.68408298279745,972.9930502385324,734.4619186568511
